 120.75,  24.30,0.0,0.0,1.0,6.0,25.0,55.0,35.0,47.0,17.0,3.0,0.0,0.0
 120.80,  24.30,0.0,1.0,2.0,8.0,29.0,66.0,35.0,52.0,18.0,3.0,0.0,0.0
 120.85,  24.30,1.0,1.0,2.0,8.0,31.0,70.0,36.0,52.0,18.0,3.0,0.0,0.0
 120.90,  24.30,1.0,2.0,2.0,9.0,34.0,79.0,38.0,53.0,20.0,4.0,0.0,0.0
 121.00,  24.30,2.0,10.0,10.0,22.0,74.0,116.0,49.0,69.0,28.0,4.0,1.0,1.0
 121.05,  24.30,5.0,11.0,19.0,25.0,90.0,123.0,50.0,71.0,30.0,4.0,2.0,1.0
 121.10,  24.30,3.0,12.0,22.0,23.0,69.0,87.0,37.0,57.0,24.0,4.0,1.0,2.0
 120.70,  24.35,0.0,0.0,0.0,6.0,19.0,43.0,28.0,41.0,13.0,2.0,0.0,0.0
 120.75,  24.35,0.0,1.0,0.0,6.0,23.0,51.0,31.0,49.0,18.0,1.0,0.0,0.0
 120.80,  24.35,0.0,2.0,2.0,8.0,29.0,76.0,34.0,55.0,24.0,3.0,0.0,0.0
 120.85,  24.35,0.0,3.0,2.0,10.0,31.0,74.0,35.0,58.0,21.0,4.0,0.0,0.0
 120.90,  24.35,0.0,3.0,3.0,11.0,37.0,82.0,35.0,58.0,20.0,4.0,1.0,0.0
 120.95,  24.35,0.0,5.0,2.0,13.0,45.0,85.0,38.0,60.0,25.0,4.0,1.0,0.0
 121.00,  24.35,1.0,7.0,7.0,15.0,56.0,88.0,38.0,66.0,24.0,4.0,1.0,1.0
 121.05,  24.35,2.0,10.0,16.0,21.0,75.0,102.0,44.0,66.0,27.0,5.0,2.0,1.0
 121.10,  24.35,2.0,12.0,17.0,18.0,63.0,87.0,37.0,55.0,28.0,4.0,1.0,2.0
 121.15,  24.35,2.0,13.0,20.0,15.0,47.0,67.0,31.0,49.0,28.0,5.0,2.0,2.0
 121.20,  24.35,4.0,11.0,17.0,15.0,33.0,54.0,29.0,42.0,29.0,6.0,2.0,1.0
 120.65,  24.40,0.0,1.0,1.0,4.0,23.0,34.0,24.0,39.0,14.0,2.0,1.0,0.0
 120.70,  24.40,0.0,1.0,3.0,5.0,22.0,40.0,25.0,41.0,16.0,1.0,0.0,0.0
 120.75,  24.40,0.0,1.0,4.0,7.0,22.0,59.0,27.0,51.0,24.0,1.0,0.0,0.0
 120.80,  24.40,0.0,2.0,4.0,8.0,22.0,61.0,29.0,57.0,25.0,3.0,0.0,0.0
 120.85,  24.40,0.0,3.0,3.0,8.0,30.0,72.0,36.0,59.0,24.0,4.0,0.0,0.0
 120.90,  24.40,0.0,3.0,5.0,9.0,42.0,74.0,32.0,64.0,21.0,4.0,1.0,0.0
 120.95,  24.40,0.0,4.0,5.0,10.0,39.0,76.0,38.0,64.0,22.0,5.0,1.0,0.0
 121.00,  24.40,0.0,6.0,6.0,11.0,44.0,75.0,35.0,61.0,24.0,5.0,1.0,0.0
 121.05,  24.40,2.0,8.0,8.0,13.0,53.0,81.0,37.0,60.0,25.0,5.0,1.0,1.0
 121.10,  24.40,1.0,10.0,11.0,14.0,46.0,67.0,33.0,54.0,25.0,5.0,1.0,1.0
 121.15,  24.40,2.0,11.0,12.0,13.0,41.0,51.0,30.0,44.0,29.0,6.0,2.0,1.0
 121.20,  24.40,2.0,10.0,10.0,11.0,26.0,40.0,26.0,47.0,31.0,6.0,2.0,1.0
 121.25,  24.40,2.0,6.0,6.0,9.0,17.0,30.0,23.0,47.0,33.0,10.0,3.0,1.0
 120.60,  24.45,0.0,0.0,0.0,0.0,0.0,0.0,0.0,0.0,0.0,0.0,0.0,0.0
 120.65,  24.45,0.0,1.0,2.0,4.0,21.0,31.0,20.0,32.0,14.0,0.0,2.0,0.0
 120.70,  24.45,0.0,1.0,2.0,6.0,23.0,37.0,23.0,40.0,17.0,0.0,0.0,0.0
 120.75,  24.45,0.0,1.0,4.0,6.0,20.0,43.0,24.0,44.0,20.0,1.0,0.0,0.0
 120.80,  24.45,0.0,1.0,4.0,6.0,17.0,55.0,27.0,50.0,23.0,3.0,0.0,0.0
 120.85,  24.45,0.0,2.0,7.0,9.0,24.0,66.0,29.0,51.0,28.0,4.0,0.0,0.0
 120.90,  24.45,0.0,3.0,5.0,10.0,29.0,68.0,28.0,55.0,24.0,4.0,1.0,0.0
 120.95,  24.45,0.0,4.0,4.0,10.0,38.0,73.0,35.0,61.0,25.0,5.0,1.0,0.0
 121.00,  24.45,0.0,3.0,4.0,12.0,37.0,72.0,36.0,58.0,25.0,5.0,1.0,0.0
 121.05,  24.45,2.0,5.0,6.0,13.0,46.0,68.0,33.0,56.0,25.0,5.0,1.0,1.0
 121.10,  24.45,1.0,9.0,9.0,12.0,43.0,59.0,30.0,50.0,22.0,7.0,1.0,1.0
 121.15,  24.45,3.0,14.0,11.0,11.0,36.0,46.0,30.0,56.0,33.0,7.0,3.0,1.0
 121.20,  24.45,3.0,12.0,8.0,11.0,26.0,37.0,28.0,49.0,34.0,11.0,4.0,1.0
 121.25,  24.45,2.0,6.0,5.0,7.0,15.0,25.0,25.0,45.0,35.0,12.0,3.0,1.0
 121.30,  24.45,0.0,3.0,3.0,2.0,9.0,16.0,21.0,41.0,39.0,21.0,4.0,1.0
 121.35,  24.45,0.0,3.0,1.0,1.0,3.0,12.0,22.0,42.0,49.0,27.0,4.0,1.0
 120.65,  24.50,0.0,0.0,0.0,0.0,0.0,0.0,0.0,0.0,0.0,0.0,0.0,0.0
 120.70,  24.50,0.0,1.0,3.0,5.0,19.0,30.0,20.0,37.0,15.0,0.0,0.0,0.0
 120.75,  24.50,0.0,1.0,3.0,4.0,17.0,34.0,20.0,39.0,16.0,1.0,0.0,0.0
 120.80,  24.50,0.0,1.0,4.0,4.0,16.0,36.0,19.0,35.0,16.0,1.0,0.0,0.0
 120.85,  24.50,0.0,3.0,6.0,9.0,22.0,50.0,28.0,50.0,26.0,3.0,0.0,0.0
 120.90,  24.50,0.0,3.0,5.0,10.0,25.0,60.0,29.0,58.0,28.0,4.0,0.0,0.0
 120.95,  24.50,0.0,2.0,4.0,10.0,33.0,65.0,32.0,56.0,28.0,6.0,1.0,0.0
 121.00,  24.50,0.0,5.0,3.0,11.0,35.0,62.0,30.0,56.0,23.0,7.0,1.0,1.0
 121.05,  24.50,1.0,6.0,5.0,14.0,33.0,57.0,28.0,50.0,25.0,8.0,1.0,1.0
 121.10,  24.50,3.0,14.0,14.0,17.0,44.0,58.0,31.0,63.0,32.0,11.0,3.0,4.0
 121.15,  24.50,3.0,17.0,15.0,15.0,37.0,40.0,30.0,62.0,38.0,12.0,3.0,2.0
 121.20,  24.50,2.0,12.0,11.0,12.0,26.0,32.0,28.0,57.0,37.0,13.0,4.0,1.0
 121.25,  24.50,2.0,6.0,5.0,9.0,15.0,22.0,23.0,49.0,39.0,14.0,4.0,0.0
 121.30,  24.50,0.0,3.0,2.0,2.0,7.0,16.0,19.0,44.0,43.0,17.0,4.0,0.0
 121.35,  24.50,0.0,3.0,1.0,1.0,3.0,14.0,22.0,43.0,48.0,26.0,4.0,1.0
 121.40,  24.50,0.0,2.0,0.0,1.0,2.0,12.0,29.0,44.0,61.0,37.0,5.0,1.0
 120.70,  24.55,0.0,1.0,4.0,5.0,16.0,35.0,22.0,31.0,14.0,0.0,0.0,0.0
 120.75,  24.55,0.0,2.0,5.0,6.0,19.0,33.0,22.0,28.0,14.0,1.0,0.0,0.0
 120.80,  24.55,0.0,2.0,5.0,3.0,18.0,32.0,16.0,30.0,14.0,1.0,0.0,0.0
 120.85,  24.55,0.0,2.0,5.0,6.0,21.0,34.0,15.0,41.0,21.0,2.0,0.0,0.0
 120.90,  24.55,0.0,2.0,4.0,10.0,24.0,49.0,23.0,53.0,31.0,4.0,0.0,0.0
 120.95,  24.55,1.0,2.0,6.0,12.0,24.0,43.0,26.0,48.0,29.0,6.0,1.0,0.0
 121.00,  24.55,1.0,4.0,8.0,13.0,29.0,51.0,34.0,52.0,29.0,8.0,2.0,1.0
 121.05,  24.55,2.0,7.0,8.0,16.0,33.0,44.0,33.0,57.0,31.0,11.0,2.0,1.0
 121.10,  24.55,2.0,6.0,7.0,15.0,27.0,40.0,28.0,57.0,34.0,11.0,2.0,3.0
 121.15,  24.55,2.0,9.0,9.0,11.0,26.0,36.0,30.0,58.0,40.0,14.0,2.0,1.0
 121.20,  24.55,2.0,9.0,9.0,11.0,23.0,26.0,30.0,60.0,41.0,16.0,3.0,2.0
 121.25,  24.55,2.0,6.0,8.0,6.0,15.0,22.0,23.0,53.0,46.0,17.0,4.0,1.0
 121.30,  24.55,1.0,4.0,2.0,3.0,5.0,17.0,21.0,47.0,55.0,19.0,4.0,1.0
 121.35,  24.55,0.0,3.0,1.0,0.0,4.0,15.0,26.0,48.0,57.0,27.0,4.0,1.0
 121.40,  24.55,0.0,2.0,0.0,0.0,2.0,14.0,29.0,51.0,64.0,36.0,5.0,1.0
 120.70,  24.60,0.0,2.0,4.0,6.0,16.0,36.0,23.0,31.0,14.0,0.0,0.0,0.0
 120.75,  24.60,0.0,2.0,5.0,5.0,20.0,41.0,24.0,28.0,13.0,0.0,0.0,0.0
 120.80,  24.60,0.0,2.0,6.0,7.0,21.0,44.0,20.0,32.0,16.0,1.0,0.0,0.0
 120.85,  24.60,0.0,2.0,5.0,6.0,22.0,41.0,17.0,35.0,18.0,2.0,0.0,0.0
 120.90,  24.60,0.0,3.0,5.0,12.0,26.0,45.0,16.0,48.0,27.0,4.0,0.0,0.0
 120.95,  24.60,0.0,2.0,6.0,13.0,28.0,43.0,19.0,51.0,29.0,4.0,0.0,1.0
 121.00,  24.60,1.0,5.0,8.0,12.0,25.0,47.0,29.0,54.0,31.0,5.0,2.0,1.0
 121.05,  24.60,1.0,6.0,7.0,12.0,26.0,42.0,28.0,54.0,32.0,10.0,2.0,3.0
 121.10,  24.60,1.0,7.0,7.0,9.0,23.0,35.0,23.0,55.0,34.0,12.0,2.0,2.0
 121.15,  24.60,2.0,7.0,7.0,7.0,18.0,27.0,24.0,63.0,42.0,14.0,2.0,3.0
 121.20,  24.60,2.0,8.0,6.0,8.0,19.0,21.0,28.0,63.0,43.0,18.0,3.0,2.0
 121.25,  24.60,2.0,7.0,4.0,7.0,9.0,18.0,24.0,56.0,45.0,16.0,4.0,1.0
 121.30,  24.60,1.0,4.0,1.0,1.0,4.0,18.0,25.0,56.0,55.0,19.0,4.0,1.0
 121.35,  24.60,0.0,5.0,0.0,0.0,4.0,15.0,28.0,62.0,61.0,29.0,3.0,1.0
 121.40,  24.60,0.0,3.0,0.0,1.0,5.0,13.0,30.0,58.0,70.0,35.0,5.0,1.0
 121.45,  24.60,0.0,3.0,0.0,0.0,7.0,11.0,32.0,57.0,81.0,53.0,4.0,1.0
 120.75,  24.65,0.0,2.0,2.0,5.0,22.0,37.0,19.0,29.0,14.0,0.0,0.0,0.0
 120.80,  24.65,0.0,2.0,4.0,6.0,24.0,42.0,19.0,27.0,16.0,1.0,0.0,0.0
 120.85,  24.65,0.0,2.0,4.0,6.0,19.0,39.0,16.0,30.0,20.0,3.0,0.0,0.0
 120.90,  24.65,0.0,2.0,5.0,4.0,24.0,41.0,14.0,38.0,23.0,2.0,0.0,0.0
 120.95,  24.65,0.0,4.0,6.0,8.0,22.0,40.0,17.0,47.0,26.0,4.0,1.0,0.0
 121.00,  24.65,1.0,6.0,5.0,9.0,25.0,35.0,22.0,47.0,25.0,3.0,0.0,1.0
 121.05,  24.65,1.0,7.0,5.0,9.0,19.0,35.0,21.0,49.0,27.0,7.0,1.0,1.0
 121.10,  24.65,1.0,6.0,6.0,7.0,15.0,32.0,20.0,52.0,28.0,14.0,2.0,2.0
 121.15,  24.65,0.0,6.0,7.0,7.0,14.0,27.0,21.0,56.0,31.0,14.0,2.0,2.0
 121.20,  24.65,2.0,7.0,6.0,7.0,16.0,24.0,22.0,59.0,39.0,19.0,3.0,3.0
 121.25,  24.65,1.0,6.0,4.0,5.0,11.0,17.0,23.0,59.0,45.0,20.0,3.0,1.0
 121.30,  24.65,1.0,5.0,1.0,2.0,7.0,19.0,26.0,57.0,52.0,20.0,4.0,1.0
 121.35,  24.65,0.0,3.0,0.0,1.0,6.0,17.0,28.0,60.0,59.0,25.0,4.0,0.0
 121.40,  24.65,0.0,3.0,0.0,1.0,6.0,16.0,29.0,58.0,66.0,37.0,4.0,0.0
 121.45,  24.65,0.0,3.0,0.0,1.0,7.0,11.0,32.0,59.0,88.0,48.0,6.0,1.0
 121.50,  24.65,0.0,2.0,0.0,1.0,7.0,14.0,30.0,60.0,96.0,80.0,14.0,2.0
 120.85,  24.70,0.0,2.0,2.0,5.0,20.0,39.0,14.0,29.0,18.0,1.0,0.0,0.0
 120.90,  24.70,0.0,2.0,4.0,3.0,21.0,37.0,13.0,32.0,19.0,2.0,0.0,0.0
 120.95,  24.70,0.0,3.0,3.0,3.0,23.0,36.0,12.0,36.0,24.0,2.0,1.0,0.0
 121.00,  24.70,0.0,5.0,4.0,3.0,19.0,37.0,18.0,46.0,26.0,4.0,0.0,1.0
 121.05,  24.70,0.0,6.0,5.0,6.0,22.0,31.0,22.0,46.0,31.0,6.0,0.0,1.0
 121.10,  24.70,0.0,6.0,3.0,6.0,16.0,32.0,17.0,39.0,28.0,6.0,1.0,1.0
 121.15,  24.70,1.0,6.0,1.0,5.0,15.0,27.0,18.0,51.0,30.0,12.0,1.0,2.0
 121.20,  24.70,2.0,7.0,5.0,7.0,17.0,31.0,24.0,59.0,38.0,19.0,2.0,2.0
 121.25,  24.70,2.0,7.0,3.0,5.0,18.0,26.0,24.0,60.0,50.0,19.0,3.0,1.0
 121.30,  24.70,2.0,5.0,3.0,8.0,9.0,26.0,29.0,59.0,53.0,23.0,4.0,1.0
 121.35,  24.70,0.0,5.0,0.0,2.0,7.0,22.0,27.0,58.0,59.0,23.0,3.0,0.0
 121.40,  24.70,0.0,4.0,0.0,2.0,6.0,18.0,29.0,59.0,66.0,33.0,3.0,0.0
 121.45,  24.70,0.0,3.0,0.0,1.0,5.0,12.0,29.0,61.0,76.0,45.0,5.0,0.0
 121.50,  24.70,0.0,3.0,0.0,1.0,5.0,14.0,26.0,60.0,84.0,60.0,8.0,1.0
 121.55,  24.70,0.0,3.0,0.0,1.0,5.0,13.0,25.0,57.0,97.0,83.0,15.0,8.0
 121.60,  24.70,0.0,2.0,0.0,1.0,9.0,14.0,27.0,49.0,97.0,87.0,24.0,5.0
 120.85,  24.75,0.0,0.0,0.0,0.0,0.0,0.0,0.0,0.0,0.0,0.0,0.0,0.0
 120.90,  24.75,0.0,0.0,0.0,0.0,0.0,0.0,0.0,0.0,0.0,0.0,0.0,0.0
 120.95,  24.75,0.0,2.0,1.0,2.0,19.0,30.0,9.0,27.0,15.0,1.0,1.0,0.0
 121.00,  24.75,0.0,2.0,2.0,3.0,18.0,32.0,11.0,33.0,19.0,4.0,1.0,1.0
 121.05,  24.75,1.0,4.0,4.0,5.0,19.0,39.0,17.0,43.0,28.0,6.0,1.0,1.0
 121.10,  24.75,0.0,5.0,4.0,6.0,16.0,33.0,18.0,40.0,30.0,7.0,1.0,0.0
 121.15,  24.75,1.0,6.0,3.0,3.0,17.0,32.0,18.0,46.0,31.0,9.0,1.0,1.0
 121.20,  24.75,4.0,6.0,4.0,5.0,14.0,33.0,22.0,54.0,38.0,19.0,2.0,1.0
 121.25,  24.75,2.0,6.0,3.0,4.0,15.0,31.0,22.0,57.0,48.0,20.0,2.0,2.0
 121.30,  24.75,4.0,5.0,4.0,7.0,11.0,31.0,23.0,59.0,54.0,23.0,2.0,0.0
 121.35,  24.75,1.0,5.0,2.0,4.0,7.0,27.0,27.0,58.0,63.0,26.0,3.0,0.0
 121.40,  24.75,0.0,5.0,1.0,2.0,7.0,19.0,28.0,66.0,71.0,32.0,3.0,0.0
 121.45,  24.75,0.0,5.0,0.0,1.0,6.0,14.0,28.0,68.0,80.0,41.0,4.0,1.0
 121.50,  24.75,0.0,4.0,0.0,2.0,7.0,14.0,29.0,67.0,87.0,54.0,7.0,2.0
 121.55,  24.75,0.0,3.0,0.0,2.0,6.0,13.0,29.0,65.0,97.0,67.0,9.0,3.0
 121.60,  24.75,0.0,3.0,0.0,1.0,7.0,13.0,30.0,64.0,100.0,68.0,14.0,4.0
 120.90,  24.80,0.0,0.0,0.0,0.0,0.0,0.0,0.0,0.0,0.0,0.0,0.0,0.0
 120.95,  24.80,0.0,1.0,1.0,1.0,19.0,31.0,10.0,22.0,14.0,2.0,1.0,0.0
 121.00,  24.80,0.0,1.0,2.0,3.0,19.0,36.0,12.0,25.0,19.0,3.0,1.0,1.0
 121.05,  24.80,0.0,1.0,3.0,5.0,18.0,37.0,17.0,34.0,25.0,5.0,2.0,0.0
 121.10,  24.80,0.0,3.0,3.0,3.0,17.0,36.0,13.0,33.0,26.0,9.0,1.0,0.0
 121.15,  24.80,0.0,7.0,4.0,7.0,17.0,37.0,16.0,39.0,35.0,12.0,3.0,0.0
 121.20,  24.80,0.0,7.0,3.0,3.0,13.0,37.0,18.0,47.0,35.0,15.0,3.0,1.0
 121.25,  24.80,0.0,7.0,3.0,4.0,15.0,40.0,19.0,53.0,46.0,16.0,3.0,2.0
 121.30,  24.80,0.0,6.0,4.0,3.0,16.0,48.0,23.0,61.0,54.0,19.0,3.0,1.0
 121.35,  24.80,0.0,6.0,3.0,3.0,14.0,45.0,24.0,62.0,66.0,28.0,3.0,1.0
 121.40,  24.80,0.0,5.0,1.0,3.0,10.0,33.0,22.0,63.0,71.0,31.0,4.0,1.0
 121.45,  24.80,0.0,5.0,1.0,3.0,8.0,18.0,26.0,67.0,79.0,39.0,5.0,2.0
 121.50,  24.80,0.0,4.0,0.0,3.0,9.0,15.0,28.0,71.0,90.0,51.0,7.0,3.0
 121.55,  24.80,0.0,3.0,0.0,2.0,6.0,16.0,33.0,65.0,99.0,53.0,11.0,3.0
 121.60,  24.80,0.0,3.0,0.0,1.0,8.0,16.0,33.0,67.0,100.0,60.0,13.0,4.0
 121.65,  24.80,3.0,4.0,0.0,1.0,12.0,16.0,33.0,64.0,112.0,65.0,18.0,4.0
 121.70,  24.80,3.0,2.0,0.0,1.0,12.0,15.0,24.0,54.0,91.0,60.0,21.0,3.0
 120.90,  24.85,0.0,0.0,0.0,0.0,0.0,0.0,0.0,0.0,0.0,0.0,0.0,0.0
 120.95,  24.85,0.0,0.0,1.0,1.0,20.0,33.0,11.0,23.0,14.0,3.0,1.0,0.0
 121.00,  24.85,0.0,1.0,3.0,4.0,21.0,35.0,11.0,24.0,20.0,3.0,2.0,1.0
 121.05,  24.85,0.0,2.0,3.0,5.0,18.0,30.0,13.0,30.0,24.0,6.0,2.0,0.0
 121.10,  24.85,0.0,2.0,2.0,3.0,16.0,27.0,8.0,31.0,26.0,7.0,2.0,0.0
 121.15,  24.85,0.0,3.0,1.0,3.0,15.0,34.0,10.0,31.0,30.0,11.0,2.0,0.0
 121.20,  24.85,0.0,3.0,0.0,4.0,11.0,28.0,9.0,33.0,37.0,12.0,2.0,0.0
 121.25,  24.85,0.0,5.0,2.0,4.0,15.0,33.0,12.0,44.0,39.0,13.0,2.0,1.0
 121.30,  24.85,0.0,4.0,4.0,4.0,15.0,30.0,17.0,54.0,47.0,20.0,3.0,1.0
 121.35,  24.85,1.0,4.0,2.0,3.0,15.0,39.0,19.0,59.0,57.0,27.0,3.0,2.0
 121.40,  24.85,0.0,5.0,1.0,3.0,13.0,43.0,21.0,59.0,65.0,31.0,4.0,3.0
 121.45,  24.85,0.0,5.0,1.0,3.0,12.0,26.0,23.0,62.0,74.0,36.0,7.0,3.0
 121.50,  24.85,0.0,5.0,1.0,3.0,9.0,18.0,26.0,62.0,82.0,43.0,7.0,2.0
 121.55,  24.85,0.0,5.0,0.0,3.0,9.0,24.0,33.0,62.0,96.0,52.0,10.0,3.0
 121.60,  24.85,1.0,5.0,0.0,2.0,11.0,27.0,36.0,70.0,98.0,54.0,13.0,3.0
 121.65,  24.85,4.0,5.0,0.0,1.0,13.0,19.0,36.0,68.0,108.0,57.0,14.0,5.0
 121.70,  24.85,4.0,3.0,0.0,1.0,12.0,15.0,30.0,54.0,93.0,52.0,14.0,4.0
 121.75,  24.85,3.0,3.0,0.0,1.0,12.0,13.0,28.0,52.0,84.0,55.0,24.0,5.0
 121.80,  24.85,4.0,4.0,0.0,1.0,11.0,11.0,17.0,36.0,73.0,52.0,22.0,2.0
 120.95,  24.90,0.0,0.0,1.0,3.0,19.0,37.0,11.0,24.0,18.0,3.0,1.0,0.0
 121.00,  24.90,0.0,1.0,3.0,1.0,20.0,32.0,11.0,26.0,20.0,4.0,2.0,0.0
 121.05,  24.90,0.0,1.0,3.0,2.0,16.0,29.0,11.0,27.0,22.0,8.0,2.0,0.0
 121.10,  24.90,0.0,1.0,4.0,2.0,17.0,22.0,10.0,28.0,26.0,8.0,2.0,0.0
 121.15,  24.90,0.0,3.0,2.0,1.0,14.0,28.0,9.0,31.0,29.0,8.0,2.0,0.0
 121.20,  24.90,0.0,4.0,3.0,3.0,16.0,25.0,10.0,33.0,30.0,10.0,2.0,0.0
 121.25,  24.90,0.0,3.0,2.0,4.0,12.0,26.0,8.0,40.0,34.0,15.0,2.0,0.0
 121.30,  24.90,0.0,3.0,2.0,4.0,14.0,29.0,10.0,38.0,39.0,17.0,2.0,2.0
 121.35,  24.90,0.0,4.0,2.0,3.0,12.0,30.0,12.0,45.0,44.0,22.0,3.0,1.0
 121.40,  24.90,0.0,4.0,1.0,3.0,11.0,36.0,17.0,53.0,58.0,26.0,3.0,3.0
 121.45,  24.90,0.0,5.0,1.0,2.0,8.0,32.0,20.0,57.0,63.0,34.0,7.0,4.0
 121.50,  24.90,0.0,5.0,0.0,3.0,10.0,20.0,20.0,53.0,70.0,36.0,6.0,2.0
 121.55,  24.90,0.0,5.0,0.0,5.0,14.0,29.0,24.0,57.0,79.0,44.0,10.0,2.0
 121.60,  24.90,0.0,6.0,0.0,3.0,13.0,30.0,28.0,58.0,85.0,47.0,11.0,2.0
 121.65,  24.90,1.0,4.0,0.0,2.0,13.0,26.0,28.0,59.0,88.0,48.0,12.0,2.0
 121.70,  24.90,2.0,3.0,0.0,3.0,12.0,20.0,29.0,61.0,87.0,60.0,15.0,3.0
 121.75,  24.90,3.0,4.0,0.0,3.0,14.0,20.0,34.0,64.0,99.0,67.0,19.0,4.0
 121.80,  24.90,3.0,2.0,0.0,4.0,12.0,13.0,22.0,45.0,83.0,54.0,17.0,5.0
 121.85,  24.90,3.0,4.0,0.0,2.0,11.0,12.0,16.0,34.0,72.0,53.0,17.0,6.0
 120.95,  24.95,0.0,0.0,0.0,0.0,0.0,0.0,0.0,0.0,0.0,0.0,0.0,0.0
 121.00,  24.95,0.0,0.0,2.0,2.0,20.0,34.0,9.0,23.0,19.0,5.0,2.0,0.0
 121.05,  24.95,2.0,2.0,3.0,4.0,24.0,35.0,10.0,27.0,23.0,7.0,2.0,0.0
 121.10,  24.95,1.0,2.0,4.0,3.0,24.0,32.0,12.0,28.0,29.0,7.0,2.0,1.0
 121.15,  24.95,1.0,2.0,2.0,4.0,17.0,29.0,9.0,27.0,29.0,7.0,2.0,0.0
 121.20,  24.95,0.0,3.0,2.0,3.0,14.0,23.0,10.0,35.0,32.0,9.0,3.0,0.0
 121.25,  24.95,0.0,3.0,3.0,4.0,11.0,26.0,9.0,34.0,31.0,12.0,3.0,0.0
 121.30,  24.95,0.0,3.0,6.0,2.0,14.0,28.0,9.0,39.0,32.0,13.0,3.0,0.0
 121.35,  24.95,0.0,3.0,2.0,3.0,14.0,24.0,6.0,37.0,36.0,15.0,2.0,1.0
 121.40,  24.95,0.0,5.0,0.0,3.0,12.0,32.0,8.0,41.0,41.0,17.0,2.0,0.0
 121.45,  24.95,0.0,4.0,0.0,3.0,10.0,28.0,8.0,39.0,43.0,18.0,2.0,0.0
 121.50,  24.95,0.0,4.0,0.0,4.0,6.0,21.0,14.0,42.0,57.0,22.0,3.0,0.0
 121.55,  24.95,0.0,4.0,0.0,3.0,15.0,28.0,19.0,51.0,69.0,32.0,4.0,2.0
 121.60,  24.95,0.0,4.0,2.0,6.0,16.0,25.0,22.0,52.0,79.0,39.0,8.0,4.0
 121.65,  24.95,1.0,3.0,0.0,5.0,13.0,28.0,23.0,52.0,87.0,44.0,12.0,2.0
 121.70,  24.95,1.0,5.0,0.0,4.0,13.0,30.0,32.0,63.0,110.0,66.0,15.0,3.0
 121.75,  24.95,2.0,6.0,0.0,3.0,24.0,32.0,39.0,67.0,122.0,88.0,29.0,5.0
 121.80,  24.95,5.0,6.0,0.0,3.0,13.0,28.0,31.0,59.0,102.0,79.0,31.0,9.0
 121.85,  24.95,6.0,6.0,0.0,3.0,9.0,18.0,20.0,45.0,75.0,58.0,28.0,10.0
 121.90,  24.95,5.0,4.0,0.0,3.0,10.0,13.0,12.0,33.0,58.0,48.0,21.0,7.0
 121.00,  25.00,0.0,0.0,0.0,0.0,0.0,0.0,0.0,0.0,0.0,0.0,0.0,0.0
 121.05,  25.00,2.0,2.0,4.0,3.0,24.0,38.0,10.0,26.0,20.0,5.0,2.0,0.0
 121.10,  25.00,2.0,2.0,4.0,4.0,28.0,38.0,12.0,26.0,23.0,6.0,2.0,0.0
 121.15,  25.00,2.0,3.0,2.0,5.0,24.0,34.0,12.0,26.0,29.0,5.0,2.0,1.0
 121.20,  25.00,0.0,2.0,2.0,3.0,15.0,32.0,8.0,27.0,29.0,8.0,2.0,0.0
 121.25,  25.00,0.0,2.0,4.0,3.0,14.0,25.0,9.0,29.0,32.0,8.0,3.0,0.0
 121.30,  25.00,0.0,3.0,5.0,3.0,12.0,24.0,9.0,28.0,32.0,10.0,2.0,1.0
 121.35,  25.00,0.0,3.0,4.0,2.0,13.0,30.0,8.0,34.0,34.0,11.0,2.0,1.0
 121.40,  25.00,0.0,2.0,1.0,2.0,13.0,26.0,11.0,28.0,36.0,10.0,2.0,0.0
 121.45,  25.00,0.0,3.0,1.0,3.0,12.0,25.0,9.0,31.0,39.0,15.0,2.0,0.0
 121.50,  25.00,0.0,3.0,0.0,5.0,11.0,27.0,12.0,39.0,46.0,17.0,3.0,0.0
 121.55,  25.00,0.0,4.0,0.0,2.0,8.0,23.0,13.0,41.0,49.0,25.0,3.0,1.0
 121.60,  25.00,0.0,4.0,0.0,1.0,14.0,24.0,19.0,45.0,60.0,33.0,7.0,2.0
 121.65,  25.00,0.0,4.0,0.0,4.0,17.0,30.0,23.0,44.0,80.0,50.0,10.0,3.0
 121.70,  25.00,0.0,5.0,0.0,7.0,17.0,33.0,28.0,50.0,98.0,59.0,17.0,4.0
 121.75,  25.00,4.0,5.0,0.0,6.0,19.0,37.0,34.0,62.0,111.0,83.0,28.0,8.0
 121.80,  25.00,5.0,6.0,0.0,2.0,13.0,24.0,24.0,51.0,90.0,68.0,41.0,11.0
 121.85,  25.00,8.0,8.0,0.0,3.0,10.0,25.0,18.0,43.0,67.0,59.0,39.0,11.0
 121.90,  25.00,5.0,7.0,3.0,4.0,13.0,24.0,13.0,33.0,61.0,48.0,34.0,11.0
 121.95,  25.00,5.0,5.0,1.0,4.0,12.0,21.0,9.0,30.0,53.0,37.0,20.0,5.0
 122.00,  25.00,4.0,5.0,1.0,4.0,10.0,18.0,5.0,23.0,48.0,33.0,21.0,5.0
 121.05,  25.05,0.0,0.0,0.0,0.0,0.0,0.0,0.0,0.0,0.0,0.0,0.0,0.0
 121.10,  25.05,1.0,1.0,4.0,3.0,24.0,36.0,11.0,22.0,22.0,5.0,2.0,1.0
 121.15,  25.05,1.0,1.0,4.0,3.0,23.0,33.0,8.0,22.0,26.0,6.0,2.0,1.0
 121.20,  25.05,0.0,2.0,2.0,4.0,18.0,33.0,7.0,21.0,27.0,6.0,2.0,1.0
 121.25,  25.05,0.0,2.0,2.0,3.0,16.0,31.0,8.0,21.0,27.0,7.0,2.0,0.0
 121.30,  25.05,0.0,3.0,2.0,2.0,13.0,25.0,9.0,25.0,28.0,10.0,2.0,0.0
 121.35,  25.05,0.0,3.0,4.0,2.0,14.0,19.0,7.0,24.0,32.0,11.0,2.0,1.0
 121.40,  25.05,0.0,3.0,3.0,2.0,12.0,21.0,9.0,31.0,34.0,11.0,2.0,0.0
 121.45,  25.05,0.0,4.0,1.0,4.0,12.0,22.0,10.0,32.0,37.0,12.0,3.0,0.0
 121.50,  25.05,0.0,2.0,2.0,4.0,13.0,23.0,12.0,35.0,40.0,14.0,3.0,0.0
 121.55,  25.05,0.0,1.0,2.0,2.0,11.0,28.0,11.0,37.0,46.0,18.0,4.0,1.0
 121.60,  25.05,0.0,3.0,1.0,2.0,14.0,27.0,14.0,36.0,52.0,27.0,5.0,2.0
 121.65,  25.05,1.0,4.0,0.0,3.0,13.0,25.0,16.0,38.0,68.0,47.0,12.0,3.0
 121.70,  25.05,1.0,4.0,1.0,5.0,15.0,30.0,21.0,41.0,84.0,56.0,21.0,4.0
 121.75,  25.05,2.0,7.0,2.0,5.0,17.0,29.0,20.0,38.0,75.0,57.0,31.0,7.0
 121.80,  25.05,3.0,13.0,1.0,3.0,16.0,30.0,15.0,39.0,67.0,53.0,39.0,9.0
 121.85,  25.05,6.0,10.0,1.0,2.0,14.0,29.0,13.0,33.0,64.0,53.0,36.0,9.0
 121.90,  25.05,5.0,6.0,2.0,3.0,10.0,24.0,10.0,25.0,54.0,42.0,20.0,5.0
 121.95,  25.05,0.0,0.0,0.0,0.0,0.0,0.0,0.0,0.0,0.0,0.0,0.0,0.0
 122.00,  25.05,0.0,0.0,0.0,0.0,0.0,0.0,0.0,0.0,0.0,0.0,0.0,0.0
 121.10,  25.10,0.0,0.0,0.0,0.0,0.0,0.0,0.0,0.0,0.0,0.0,0.0,0.0
 121.15,  25.10,0.0,0.0,0.0,0.0,0.0,0.0,0.0,0.0,0.0,0.0,0.0,0.0
 121.20,  25.10,0.0,1.0,2.0,2.0,17.0,32.0,7.0,20.0,27.0,7.0,3.0,0.0
 121.25,  25.10,0.0,1.0,2.0,2.0,16.0,31.0,6.0,19.0,26.0,10.0,3.0,0.0
 121.30,  25.10,0.0,1.0,1.0,2.0,14.0,24.0,8.0,19.0,32.0,10.0,4.0,0.0
 121.35,  25.10,0.0,2.0,2.0,1.0,13.0,23.0,8.0,21.0,35.0,11.0,3.0,1.0
 121.40,  25.10,0.0,4.0,1.0,1.0,17.0,25.0,12.0,31.0,37.0,11.0,3.0,1.0
 121.45,  25.10,0.0,3.0,0.0,4.0,17.0,25.0,12.0,32.0,34.0,13.0,2.0,0.0
 121.50,  25.10,0.0,2.0,1.0,3.0,14.0,26.0,14.0,35.0,36.0,12.0,3.0,0.0
 121.55,  25.10,0.0,2.0,0.0,2.0,16.0,23.0,19.0,39.0,51.0,23.0,3.0,1.0
 121.60,  25.10,1.0,2.0,1.0,2.0,15.0,25.0,16.0,38.0,57.0,35.0,5.0,2.0
 121.65,  25.10,1.0,4.0,2.0,1.0,17.0,24.0,16.0,38.0,66.0,45.0,19.0,3.0
 121.70,  25.10,4.0,6.0,2.0,5.0,16.0,29.0,11.0,31.0,69.0,53.0,24.0,9.0
 121.75,  25.10,5.0,11.0,4.0,5.0,17.0,31.0,12.0,32.0,68.0,50.0,33.0,7.0
 121.80,  25.10,11.0,16.0,6.0,5.0,16.0,30.0,11.0,31.0,69.0,57.0,44.0,14.0
 121.85,  25.10,5.0,10.0,2.0,2.0,12.0,26.0,13.0,25.0,60.0,52.0,33.0,7.0
 121.90,  25.10,3.0,5.0,0.0,2.0,8.0,20.0,10.0,24.0,57.0,40.0,16.0,3.0
 121.30,  25.15,0.0,0.0,0.0,0.0,0.0,0.0,0.0,0.0,0.0,0.0,0.0,0.0
 121.35,  25.15,0.0,0.0,0.0,0.0,0.0,0.0,0.0,0.0,0.0,0.0,0.0,0.0
 121.40,  25.15,0.0,2.0,1.0,2.0,18.0,25.0,13.0,32.0,35.0,13.0,2.0,1.0
 121.45,  25.15,0.0,2.0,0.0,2.0,17.0,26.0,13.0,32.0,38.0,13.0,2.0,1.0
 121.50,  25.15,0.0,1.0,0.0,2.0,18.0,25.0,19.0,44.0,57.0,33.0,5.0,0.0
 121.55,  25.15,2.0,1.0,2.0,2.0,18.0,27.0,26.0,54.0,90.0,66.0,24.0,3.0
 121.60,  25.15,9.0,5.0,2.0,1.0,24.0,29.0,21.0,48.0,85.0,75.0,39.0,14.0
 121.65,  25.15,8.0,11.0,6.0,1.0,23.0,27.0,19.0,37.0,71.0,59.0,37.0,14.0
 121.70,  25.15,5.0,6.0,4.0,4.0,20.0,30.0,13.0,28.0,64.0,41.0,20.0,6.0
 121.75,  25.15,7.0,11.0,6.0,5.0,17.0,31.0,11.0,24.0,63.0,43.0,31.0,6.0
 121.80,  25.15,0.0,0.0,0.0,0.0,0.0,0.0,0.0,0.0,0.0,0.0,0.0,0.0
 121.85,  25.15,0.0,0.0,0.0,0.0,0.0,0.0,0.0,0.0,0.0,0.0,0.0,0.0
 121.90,  25.15,0.0,0.0,0.0,0.0,0.0,0.0,0.0,0.0,0.0,0.0,0.0,0.0
 121.40,  25.20,0.0,0.0,0.0,0.0,0.0,0.0,0.0,0.0,0.0,0.0,0.0,0.0
 121.45,  25.20,0.0,3.0,0.0,3.0,16.0,24.0,11.0,25.0,35.0,17.0,2.0,1.0
 121.50,  25.20,0.0,3.0,2.0,3.0,18.0,29.0,20.0,44.0,54.0,37.0,9.0,2.0
 121.55,  25.20,8.0,3.0,3.0,4.0,28.0,32.0,22.0,47.0,76.0,55.0,27.0,11.0
 121.60,  25.20,14.0,14.0,8.0,4.0,29.0,29.0,19.0,36.0,71.0,54.0,32.0,20.0
 121.65,  25.20,5.0,9.0,4.0,4.0,26.0,26.0,16.0,29.0,56.0,35.0,22.0,9.0
 121.70,  25.20,0.0,0.0,0.0,0.0,0.0,0.0,0.0,0.0,0.0,0.0,0.0,0.0
 121.45,  25.25,0.0,0.0,0.0,0.0,0.0,0.0,0.0,0.0,0.0,0.0,0.0,0.0
 121.50,  25.25,1.0,3.0,0.0,3.0,19.0,29.0,11.0,27.0,39.0,17.0,4.0,2.0
 121.55,  25.25,2.0,7.0,1.0,3.0,26.0,29.0,15.0,30.0,43.0,20.0,13.0,9.0
 121.60,  25.25,4.0,10.0,2.0,6.0,34.0,28.0,13.0,24.0,47.0,23.0,17.0,13.0
 121.65,  25.25,0.0,0.0,0.0,0.0,0.0,0.0,0.0,0.0,0.0,0.0,0.0,0.0
 121.50,  25.30,0.0,0.0,0.0,0.0,0.0,0.0,0.0,0.0,0.0,0.0,0.0,0.0
 121.55,  25.30,0.0,0.0,0.0,0.0,0.0,0.0,0.0,0.0,0.0,0.0,0.0,0.0
 121.60,  25.30,0.0,0.0,0.0,0.0,0.0,0.0,0.0,0.0,0.0,0.0,0.0,0.0
