lon,lat,Jan,Feb,Mar,Apr,May,Jun,Jul,Aug,Sep,Oct,Nov,Dec
 120.75,  24.30,0,0,0,0,1,0,1,5,0,0,0,0
 120.80,  24.30,0,0,0,1,1,0,1,5,0,0,0,0
 120.85,  24.30,0,0,0,1,2,0,1,5,0,0,0,0
 120.90,  24.30,0,0,0,1,2,0,2,6,0,0,0,0
 121.00,  24.30,0,0,0,1,4,0,2,4,0,0,0,1
 121.05,  24.30,0,0,0,2,5,0,2,4,0,0,0,1
 121.10,  24.30,0,0,0,2,5,0,1,3,0,0,0,1
 120.70,  24.35,0,0,0,0,1,0,1,4,0,0,0,0
 120.75,  24.35,0,0,0,0,1,0,1,4,0,0,0,0
 120.80,  24.35,0,0,0,0,2,0,1,5,0,0,0,0
 120.85,  24.35,0,0,0,1,2,0,1,5,0,0,0,0
 120.90,  24.35,0,0,0,1,2,0,1,5,0,0,0,0
 120.95,  24.35,0,0,0,1,2,0,2,4,0,0,0,0
 121.00,  24.35,0,0,0,1,3,0,2,4,0,0,0,1
 121.05,  24.35,0,0,0,2,5,0,2,4,0,0,0,1
 121.10,  24.35,0,0,0,2,4,0,2,3,0,0,0,1
 121.15,  24.35,0,0,0,1,2,0,1,3,0,0,0,1
 121.20,  24.35,0,0,0,1,1,0,1,2,1,0,0,1
 120.65,  24.40,0,0,0,0,1,0,1,4,0,0,0,0
 120.70,  24.40,0,0,0,0,1,0,1,4,0,0,0,0
 120.75,  24.40,0,0,0,0,1,0,1,4,0,0,0,0
 120.80,  24.40,0,0,0,0,1,0,1,5,0,0,0,0
 120.85,  24.40,0,0,0,0,2,0,1,5,0,0,0,0
 120.90,  24.40,0,0,0,0,2,0,1,5,0,0,0,0
 120.95,  24.40,0,0,0,0,2,0,3,4,0,1,0,0
 121.00,  24.40,0,0,0,1,2,0,3,3,0,1,0,0
 121.05,  24.40,0,0,0,1,2,0,2,4,0,1,0,1
 121.10,  24.40,0,0,0,1,2,0,2,2,0,1,0,1
 121.15,  24.40,0,0,0,1,2,0,2,2,0,1,0,1
 121.20,  24.40,0,0,0,1,0,0,1,2,1,0,0,1
 121.25,  24.40,0,0,0,0,0,0,1,2,1,0,0,0
 120.60,  24.45,-99.9,-99.9,-99.9,-99.9,-99.9,-99.9,-99.9,-99.9,-99.9,-99.9,-99.9,-99.9
 120.65,  24.45,0,0,0,0,1,0,1,4,0,0,0,0
 120.70,  24.45,0,0,0,0,1,0,1,4,0,0,0,0
 120.75,  24.45,0,0,0,0,1,0,1,4,0,0,0,0
 120.80,  24.45,0,0,0,0,1,0,1,4,0,0,0,0
 120.85,  24.45,0,0,0,0,1,0,1,4,0,0,0,0
 120.90,  24.45,0,0,0,0,1,0,1,5,0,0,0,0
 120.95,  24.45,0,0,0,0,1,0,2,4,0,1,0,0
 121.00,  24.45,0,0,0,0,1,0,3,4,0,1,0,0
 121.05,  24.45,0,0,0,0,1,0,2,3,0,1,0,1
 121.10,  24.45,0,0,0,0,1,0,2,2,0,1,0,1
 121.15,  24.45,0,0,0,0,0,0,2,2,0,1,0,1
 121.20,  24.45,0,0,0,0,0,0,2,2,1,1,0,1
 121.25,  24.45,0,0,0,0,0,0,1,1,1,1,0,0
 121.30,  24.45,0,0,0,0,0,0,1,1,1,1,0,0
 121.35,  24.45,0,0,0,0,0,0,1,1,1,1,0,0
 120.65,  24.50,-99.9,-99.9,-99.9,-99.9,-99.9,-99.9,-99.9,-99.9,-99.9,-99.9,-99.9,-99.9
 120.70,  24.50,0,0,0,0,1,0,1,4,0,0,0,0
 120.75,  24.50,0,0,0,0,1,0,1,3,0,0,0,0
 120.80,  24.50,0,0,0,0,1,0,1,4,0,0,0,0
 120.85,  24.50,0,0,0,0,1,0,1,4,0,0,0,0
 120.90,  24.50,0,0,0,0,1,0,1,4,0,0,0,0
 120.95,  24.50,0,0,0,0,1,0,2,4,0,1,0,0
 121.00,  24.50,0,0,0,0,1,0,3,4,0,1,0,1
 121.05,  24.50,0,0,0,0,1,0,2,2,0,1,0,1
 121.10,  24.50,0,0,0,0,1,0,2,2,0,1,0,1
 121.15,  24.50,0,0,0,0,0,0,2,2,0,1,0,1
 121.20,  24.50,0,0,0,0,0,0,2,1,0,1,0,1
 121.25,  24.50,0,0,0,0,0,0,1,1,1,1,0,0
 121.30,  24.50,0,0,0,0,0,0,1,1,1,1,0,0
 121.35,  24.50,0,0,0,0,0,0,1,1,1,1,0,0
 121.40,  24.50,0,0,0,0,0,0,1,1,1,1,0,0
 120.70,  24.55,0,0,0,0,1,0,1,3,0,0,0,0
 120.75,  24.55,0,0,0,0,1,0,1,3,0,0,0,0
 120.80,  24.55,0,0,0,0,1,0,1,3,0,0,0,0
 120.85,  24.55,0,0,0,0,1,0,1,3,0,0,0,0
 120.90,  24.55,0,0,0,0,1,0,1,3,0,0,0,0
 120.95,  24.55,0,0,0,0,1,0,1,3,0,1,0,0
 121.00,  24.55,0,0,0,0,1,0,3,2,1,1,0,1
 121.05,  24.55,0,0,0,0,1,0,3,3,1,2,0,1
 121.10,  24.55,0,0,0,0,1,0,2,2,1,1,0,1
 121.15,  24.55,0,0,0,0,1,0,2,1,0,1,0,1
 121.20,  24.55,0,0,0,0,0,0,2,1,0,1,0,1
 121.25,  24.55,0,0,0,0,0,0,1,1,1,1,0,0
 121.30,  24.55,0,0,0,0,0,0,1,1,1,1,0,0
 121.35,  24.55,0,0,0,0,0,0,1,1,2,1,0,0
 121.40,  24.55,0,0,0,0,0,0,1,1,2,1,0,0
 120.70,  24.60,0,0,0,0,0,0,1,3,0,0,0,0
 120.75,  24.60,0,0,0,0,1,0,1,3,0,0,0,0
 120.80,  24.60,0,0,0,0,1,0,1,3,0,0,0,0
 120.85,  24.60,0,0,0,0,1,0,1,3,0,0,0,0
 120.90,  24.60,0,0,0,0,1,0,1,4,0,0,0,0
 120.95,  24.60,0,0,0,0,1,0,1,4,0,0,0,1
 121.00,  24.60,0,0,0,0,1,0,2,3,0,1,0,1
 121.05,  24.60,0,0,0,0,1,0,3,3,0,2,0,1
 121.10,  24.60,0,0,0,0,1,0,3,2,0,2,0,1
 121.15,  24.60,0,0,0,0,1,0,2,2,0,1,0,1
 121.20,  24.60,0,0,0,0,0,0,2,2,0,1,0,1
 121.25,  24.60,0,0,0,0,0,0,2,1,1,1,0,0
 121.30,  24.60,0,0,0,0,0,0,2,2,1,1,0,0
 121.35,  24.60,0,0,0,0,0,0,1,2,2,1,0,0
 121.40,  24.60,0,0,0,0,0,0,1,1,1,1,0,0
 121.45,  24.60,0,0,0,0,0,0,1,1,1,1,0,0
 120.75,  24.65,0,0,0,0,1,0,1,3,0,0,0,0
 120.80,  24.65,0,0,0,0,1,0,1,3,0,0,0,0
 120.85,  24.65,0,0,0,0,1,0,1,3,0,0,0,0
 120.90,  24.65,0,0,0,0,1,0,1,4,0,0,0,0
 120.95,  24.65,0,0,0,0,1,0,1,4,0,0,0,0
 121.00,  24.65,0,0,0,0,1,0,2,3,0,0,0,1
 121.05,  24.65,0,0,0,0,1,0,2,2,0,1,0,1
 121.10,  24.65,0,0,0,0,1,0,3,2,0,2,0,1
 121.15,  24.65,0,0,0,0,1,0,2,2,0,2,0,1
 121.20,  24.65,0,0,0,0,0,0,2,2,0,2,0,1
 121.25,  24.65,0,0,0,0,0,0,2,2,1,2,0,0
 121.30,  24.65,0,0,0,0,0,0,2,2,1,1,0,0
 121.35,  24.65,0,0,0,0,0,0,2,2,1,1,0,0
 121.40,  24.65,0,0,0,0,0,0,1,1,1,1,0,0
 121.45,  24.65,0,0,0,0,0,0,1,1,2,1,0,0
 121.50,  24.65,0,0,0,0,0,0,1,2,2,2,0,0
 120.85,  24.70,0,0,0,0,1,0,1,2,0,0,0,0
 120.90,  24.70,0,0,0,0,1,0,1,3,0,0,0,0
 120.95,  24.70,0,0,0,0,1,0,1,3,0,0,0,0
 121.00,  24.70,0,0,0,0,1,0,1,3,0,0,0,0
 121.05,  24.70,0,0,0,0,1,0,2,2,0,0,0,1
 121.10,  24.70,0,0,0,0,1,0,2,2,0,0,0,1
 121.15,  24.70,0,0,0,0,1,0,1,3,0,1,0,1
 121.20,  24.70,0,0,0,0,0,0,2,3,0,2,0,1
 121.25,  24.70,0,0,0,0,0,0,2,2,1,2,0,0
 121.30,  24.70,0,0,0,0,0,0,2,2,1,2,0,0
 121.35,  24.70,0,0,0,0,0,0,2,2,1,2,0,0
 121.40,  24.70,0,0,0,0,0,0,2,2,1,2,0,0
 121.45,  24.70,0,0,0,0,0,0,0,2,2,1,0,0
 121.50,  24.70,0,0,0,0,0,0,0,1,2,1,0,0
 121.55,  24.70,0,0,0,0,0,0,0,2,2,1,0,0
 121.60,  24.70,0,0,0,0,0,0,2,2,1,0,0,1
 120.85,  24.75,-99.9,-99.9,-99.9,-99.9,-99.9,-99.9,-99.9,-99.9,-99.9,-99.9,-99.9,-99.9
 120.90,  24.75,-99.9,-99.9,-99.9,-99.9,-99.9,-99.9,-99.9,-99.9,-99.9,-99.9,-99.9,-99.9
 120.95,  24.75,0,0,0,0,1,0,1,3,0,0,0,0
 121.00,  24.75,0,0,0,0,1,0,1,3,0,0,0,0
 121.05,  24.75,0,0,0,0,1,0,1,3,0,0,0,0
 121.10,  24.75,0,0,0,0,1,0,1,2,0,0,0,0
 121.15,  24.75,0,0,0,0,1,0,1,2,0,0,0,0
 121.20,  24.75,0,0,0,0,1,0,1,3,0,1,0,0
 121.25,  24.75,0,0,0,0,1,0,2,3,0,2,0,0
 121.30,  24.75,0,0,0,0,0,0,2,2,1,2,0,0
 121.35,  24.75,0,0,0,0,0,0,2,2,1,2,0,0
 121.40,  24.75,0,0,0,0,0,0,1,2,1,2,0,0
 121.45,  24.75,0,0,0,0,0,0,0,2,1,2,0,0
 121.50,  24.75,0,0,0,0,0,0,0,2,2,2,0,0
 121.55,  24.75,0,0,0,0,0,0,0,1,2,2,0,0
 121.60,  24.75,0,0,0,0,0,0,1,2,1,1,0,1
 120.90,  24.80,-99.9,-99.9,-99.9,-99.9,-99.9,-99.9,-99.9,-99.9,-99.9,-99.9,-99.9,-99.9
 120.95,  24.80,0,0,0,0,1,0,1,3,0,0,0,0
 121.00,  24.80,0,0,0,0,1,0,1,3,0,0,0,0
 121.05,  24.80,0,0,0,0,1,0,1,3,0,0,0,0
 121.10,  24.80,0,0,0,0,1,0,1,3,0,0,0,0
 121.15,  24.80,0,0,0,0,1,0,1,4,0,0,0,0
 121.20,  24.80,0,0,0,0,1,0,1,5,0,0,0,0
 121.25,  24.80,0,0,0,0,1,0,1,3,0,0,0,0
 121.30,  24.80,0,0,0,0,1,0,1,4,0,1,0,0
 121.35,  24.80,0,0,0,0,0,0,2,4,1,1,0,0
 121.40,  24.80,0,0,0,0,0,0,0,3,1,1,0,0
 121.45,  24.80,0,0,0,0,0,0,0,3,1,1,0,0
 121.50,  24.80,0,0,0,0,0,0,0,2,2,2,0,0
 121.55,  24.80,0,0,0,0,0,0,0,3,2,2,0,0
 121.60,  24.80,0,0,0,0,0,0,2,2,1,2,0,0
 121.65,  24.80,0,0,0,0,0,0,2,2,0,1,0,1
 121.70,  24.80,0,0,0,0,0,0,2,2,0,1,1,1
 120.90,  24.85,-99.9,-99.9,-99.9,-99.9,-99.9,-99.9,-99.9,-99.9,-99.9,-99.9,-99.9,-99.9
 120.95,  24.85,0,0,0,0,1,0,1,3,0,0,0,0
 121.00,  24.85,0,0,0,0,1,0,1,3,0,0,0,0
 121.05,  24.85,0,0,0,0,1,0,1,3,0,0,0,0
 121.10,  24.85,0,0,0,0,1,0,1,3,0,0,0,0
 121.15,  24.85,0,0,0,0,1,0,1,4,0,0,0,0
 121.20,  24.85,0,0,0,0,1,0,1,5,0,0,0,0
 121.25,  24.85,0,0,0,0,1,0,1,4,0,0,0,0
 121.30,  24.85,0,0,0,0,1,0,1,4,0,0,0,0
 121.35,  24.85,0,0,0,0,1,0,1,4,0,0,0,0
 121.40,  24.85,0,0,0,0,1,0,1,3,1,0,0,1
 121.45,  24.85,0,0,0,0,1,0,0,4,2,1,0,0
 121.50,  24.85,0,0,0,0,0,0,1,3,1,2,0,0
 121.55,  24.85,0,0,0,0,0,0,1,3,1,2,0,0
 121.60,  24.85,0,0,0,0,0,0,2,3,1,2,0,0
 121.65,  24.85,0,0,0,0,0,0,2,2,0,2,0,1
 121.70,  24.85,0,0,0,0,0,0,2,2,1,1,0,1
 121.75,  24.85,0,0,0,0,0,0,2,1,1,1,1,1
 121.80,  24.85,0,0,0,0,0,0,1,1,1,0,0,1
 120.95,  24.90,0,0,0,0,1,0,1,3,0,0,0,0
 121.00,  24.90,0,0,0,0,1,0,1,3,0,0,0,0
 121.05,  24.90,0,0,0,0,1,0,1,3,0,0,0,0
 121.10,  24.90,0,0,0,0,1,0,1,3,0,0,0,0
 121.15,  24.90,0,0,0,0,1,0,1,3,0,0,0,0
 121.20,  24.90,0,0,0,0,1,0,1,4,0,0,0,0
 121.25,  24.90,0,0,0,0,1,0,0,4,0,0,0,0
 121.30,  24.90,0,0,0,0,1,0,0,3,0,0,0,0
 121.35,  24.90,0,0,0,0,1,0,1,3,0,0,0,0
 121.40,  24.90,0,0,0,0,1,0,1,3,1,0,0,1
 121.45,  24.90,0,0,0,0,1,0,1,3,1,0,0,1
 121.50,  24.90,0,0,0,0,1,0,1,4,1,1,0,0
 121.55,  24.90,0,0,0,0,0,0,1,4,1,1,0,0
 121.60,  24.90,0,0,0,0,0,0,1,4,1,2,0,0
 121.65,  24.90,0,0,0,0,0,0,2,2,1,2,0,0
 121.70,  24.90,0,0,0,0,0,0,2,2,1,2,0,0
 121.75,  24.90,0,0,0,0,0,0,2,2,2,2,0,1
 121.80,  24.90,0,0,0,0,0,0,1,2,2,1,0,1
 121.85,  24.90,0,0,0,0,0,0,1,1,1,0,0,1
 120.95,  24.95,-99.9,-99.9,-99.9,-99.9,-99.9,-99.9,-99.9,-99.9,-99.9,-99.9,-99.9,-99.9
 121.00,  24.95,0,0,0,0,1,0,1,3,0,0,0,0
 121.05,  24.95,0,0,0,0,1,0,1,3,0,0,0,0
 121.10,  24.95,0,0,0,0,1,0,1,3,0,0,0,0
 121.15,  24.95,0,0,0,0,1,0,1,3,0,0,0,0
 121.20,  24.95,0,0,0,0,1,0,1,3,0,0,0,0
 121.25,  24.95,0,0,0,0,1,0,0,2,0,0,0,0
 121.30,  24.95,0,0,0,0,1,0,0,3,0,0,0,0
 121.35,  24.95,0,0,0,0,1,0,0,4,0,0,0,0
 121.40,  24.95,0,0,0,0,1,0,0,2,0,0,0,0
 121.45,  24.95,0,0,0,0,1,0,0,5,0,0,0,0
 121.50,  24.95,0,0,0,0,1,0,1,4,0,0,0,0
 121.55,  24.95,0,0,0,0,1,0,1,4,0,0,0,0
 121.60,  24.95,0,0,0,0,1,0,1,4,0,1,0,1
 121.65,  24.95,0,0,0,0,0,0,1,3,0,2,0,0
 121.70,  24.95,0,0,0,0,0,0,1,2,2,2,0,0
 121.75,  24.95,0,0,0,0,0,0,1,2,2,2,0,1
 121.80,  24.95,0,0,0,0,0,0,1,2,2,1,1,1
 121.85,  24.95,1,0,0,0,0,0,1,2,2,1,1,1
 121.90,  24.95,1,0,0,0,0,0,1,2,1,0,0,1
 121.00,  25.00,-99.9,-99.9,-99.9,-99.9,-99.9,-99.9,-99.9,-99.9,-99.9,-99.9,-99.9,-99.9
 121.05,  25.00,0,0,0,0,1,0,1,3,0,0,0,0
 121.10,  25.00,0,0,0,0,1,0,1,3,0,0,0,0
 121.15,  25.00,0,0,0,0,1,0,1,3,0,0,0,0
 121.20,  25.00,0,0,0,0,1,0,0,3,0,0,0,0
 121.25,  25.00,0,0,0,0,1,0,0,3,0,0,0,0
 121.30,  25.00,0,0,0,0,1,0,0,3,0,0,0,0
 121.35,  25.00,0,0,0,0,1,0,0,3,0,0,0,0
 121.40,  25.00,0,0,0,0,1,0,0,2,0,0,0,0
 121.45,  25.00,0,0,0,0,1,0,0,4,0,0,0,0
 121.50,  25.00,0,0,0,0,1,0,0,3,0,0,0,0
 121.55,  25.00,0,0,0,0,1,0,0,3,1,0,0,0
 121.60,  25.00,0,0,0,0,1,0,1,2,2,0,0,0
 121.65,  25.00,0,0,0,0,1,0,1,1,2,0,0,0
 121.70,  25.00,0,0,0,0,1,0,1,2,2,0,0,0
 121.75,  25.00,0,0,0,0,0,0,1,2,1,1,0,2
 121.80,  25.00,1,0,0,0,0,0,1,2,2,0,1,2
 121.85,  25.00,1,0,0,0,0,0,1,2,1,0,1,1
 121.90,  25.00,1,0,0,0,0,0,1,2,1,0,0,1
 121.95,  25.00,1,1,0,0,0,0,1,2,0,0,0,0
 122.00,  25.00,1,1,0,0,0,0,0,1,0,0,0,0
 121.05,  25.05,-99.9,-99.9,-99.9,-99.9,-99.9,-99.9,-99.9,-99.9,-99.9,-99.9,-99.9,-99.9
 121.10,  25.05,0,0,0,0,1,0,1,3,0,0,0,0
 121.15,  25.05,0,0,0,0,1,0,0,3,0,0,0,0
 121.20,  25.05,0,0,0,0,1,0,0,3,0,0,0,0
 121.25,  25.05,0,0,0,0,1,0,0,3,0,0,0,0
 121.30,  25.05,0,0,0,0,1,0,0,3,0,0,0,0
 121.35,  25.05,0,0,0,0,1,0,0,3,0,0,0,0
 121.40,  25.05,0,0,0,0,1,0,0,3,0,0,0,0
 121.45,  25.05,0,0,0,0,1,0,0,4,0,0,0,0
 121.50,  25.05,0,0,0,0,1,0,0,5,0,0,0,0
 121.55,  25.05,0,0,0,0,1,0,0,3,0,0,0,0
 121.60,  25.05,0,0,0,0,1,0,0,2,0,0,0,0
 121.65,  25.05,0,0,0,0,1,0,0,2,1,0,0,0
 121.70,  25.05,0,0,0,0,1,0,1,2,1,0,0,0
 121.75,  25.05,1,0,0,0,1,0,1,2,1,0,0,2
 121.80,  25.05,1,0,0,0,1,0,1,2,1,0,1,2
 121.85,  25.05,1,0,0,0,0,0,1,2,1,0,1,2
 121.90,  25.05,1,0,0,0,0,0,0,2,0,0,0,1
 121.95,  25.05,-99.9,-99.9,-99.9,-99.9,-99.9,-99.9,-99.9,-99.9,-99.9,-99.9,-99.9,-99.9
 122.00,  25.05,-99.9,-99.9,-99.9,-99.9,-99.9,-99.9,-99.9,-99.9,-99.9,-99.9,-99.9,-99.9
 121.10,  25.10,-99.9,-99.9,-99.9,-99.9,-99.9,-99.9,-99.9,-99.9,-99.9,-99.9,-99.9,-99.9
 121.15,  25.10,-99.9,-99.9,-99.9,-99.9,-99.9,-99.9,-99.9,-99.9,-99.9,-99.9,-99.9,-99.9
 121.20,  25.10,0,0,0,0,1,0,0,3,0,0,0,0
 121.25,  25.10,0,0,0,0,1,0,0,3,0,0,0,0
 121.30,  25.10,0,0,0,0,1,0,0,3,0,0,0,0
 121.35,  25.10,0,0,0,0,1,0,0,3,0,0,0,0
 121.40,  25.10,0,0,0,0,1,0,0,3,0,0,0,0
 121.45,  25.10,0,0,0,0,1,0,0,4,0,0,0,0
 121.50,  25.10,0,0,0,0,1,0,0,5,0,0,0,0
 121.55,  25.10,0,0,0,0,1,0,0,3,0,1,0,0
 121.60,  25.10,0,0,0,0,1,0,0,2,0,1,0,0
 121.65,  25.10,0,0,0,0,1,0,0,2,0,0,0,1
 121.70,  25.10,0,0,0,0,1,0,1,2,1,0,0,2
 121.75,  25.10,1,0,0,0,1,0,1,2,1,0,0,2
 121.80,  25.10,2,0,0,0,1,0,1,2,1,0,1,2
 121.85,  25.10,1,0,0,0,1,0,1,2,0,0,1,2
 121.90,  25.10,1,0,0,0,0,0,0,2,0,0,0,1
 121.30,  25.15,-99.9,-99.9,-99.9,-99.9,-99.9,-99.9,-99.9,-99.9,-99.9,-99.9,-99.9,-99.9
 121.35,  25.15,-99.9,-99.9,-99.9,-99.9,-99.9,-99.9,-99.9,-99.9,-99.9,-99.9,-99.9,-99.9
 121.40,  25.15,0,0,0,0,1,0,0,3,0,0,0,0
 121.45,  25.15,0,0,0,0,1,0,0,4,0,0,0,0
 121.50,  25.15,0,0,0,0,1,0,0,4,1,1,0,0
 121.55,  25.15,0,0,0,0,1,0,0,4,0,1,0,0
 121.60,  25.15,0,0,0,0,1,0,0,2,0,1,0,0
 121.65,  25.15,0,0,0,0,1,0,1,2,1,0,1,2
 121.70,  25.15,0,0,0,0,1,0,1,2,0,0,0,2
 121.75,  25.15,0,0,0,0,1,0,1,2,0,0,0,2
 121.80,  25.15,-99.9,-99.9,-99.9,-99.9,-99.9,-99.9,-99.9,-99.9,-99.9,-99.9,-99.9,-99.9
 121.85,  25.15,-99.9,-99.9,-99.9,-99.9,-99.9,-99.9,-99.9,-99.9,-99.9,-99.9,-99.9,-99.9
 121.90,  25.15,-99.9,-99.9,-99.9,-99.9,-99.9,-99.9,-99.9,-99.9,-99.9,-99.9,-99.9,-99.9
 121.40,  25.20,-99.9,-99.9,-99.9,-99.9,-99.9,-99.9,-99.9,-99.9,-99.9,-99.9,-99.9,-99.9
 121.45,  25.20,0,0,0,0,1,0,0,3,0,0,0,0
 121.50,  25.20,0,0,0,0,1,0,1,4,1,0,0,0
 121.55,  25.20,0,0,0,0,1,0,0,4,1,1,0,1
 121.60,  25.20,0,0,0,0,1,0,0,2,1,0,0,0
 121.65,  25.20,0,0,0,0,1,0,1,2,0,0,0,2
 121.70,  25.20,-99.9,-99.9,-99.9,-99.9,-99.9,-99.9,-99.9,-99.9,-99.9,-99.9,-99.9,-99.9
 121.45,  25.25,-99.9,-99.9,-99.9,-99.9,-99.9,-99.9,-99.9,-99.9,-99.9,-99.9,-99.9,-99.9
 121.50,  25.25,0,0,0,0,1,0,0,3,0,0,0,1
 121.55,  25.25,0,0,0,0,1,0,0,3,0,0,0,2
 121.60,  25.25,0,0,0,0,1,0,0,3,0,0,0,2
 121.65,  25.25,-99.9,-99.9,-99.9,-99.9,-99.9,-99.9,-99.9,-99.9,-99.9,-99.9,-99.9,-99.9
 121.50,  25.30,-99.9,-99.9,-99.9,-99.9,-99.9,-99.9,-99.9,-99.9,-99.9,-99.9,-99.9,-99.9
 121.55,  25.30,-99.9,-99.9,-99.9,-99.9,-99.9,-99.9,-99.9,-99.9,-99.9,-99.9,-99.9,-99.9
 121.60,  25.30,-99.9,-99.9,-99.9,-99.9,-99.9,-99.9,-99.9,-99.9,-99.9,-99.9,-99.9,-99.9
 120.55,  23.20,0,0,0,0,2,0,1,5,0,0,0,0
 120.60,  23.20,0,0,0,1,3,0,1,6,0,0,0,0
 120.50,  23.25,0,0,0,0,1,0,1,5,0,0,0,0
 120.55,  23.25,0,0,0,1,1,0,1,5,0,0,0,0
 120.60,  23.25,0,0,0,1,1,0,1,5,0,0,0,0
 120.65,  23.25,0,0,0,1,2,0,1,5,0,0,0,0
 120.15,  23.30,0,0,0,0,0,0,0,5,0,0,0,0
 120.20,  23.30,0,0,0,0,0,0,0,5,0,0,0,0
 120.25,  23.30,0,0,0,0,0,0,0,5,0,0,0,0
 120.50,  23.30,0,0,0,0,1,0,1,5,0,0,0,0
 120.55,  23.30,0,0,0,0,0,0,1,5,0,0,0,0
 120.60,  23.30,0,0,0,1,1,0,1,5,0,0,0,0
 120.65,  23.30,0,0,0,1,1,0,1,5,0,0,0,0
 120.70,  23.30,0,0,0,1,2,0,1,5,1,0,0,0
 120.75,  23.30,0,0,0,1,2,0,1,5,0,0,0,0
 120.10,  23.35,-99.9,-99.9,-99.9,-99.9,-99.9,-99.9,-99.9,-99.9,-99.9,-99.9,-99.9,-99.9
 120.15,  23.35,0,0,0,0,0,0,0,5,0,0,0,0
 120.20,  23.35,0,0,0,0,0,0,0,5,0,0,0,0
 120.25,  23.35,0,0,0,0,0,0,0,5,0,0,0,0
 120.30,  23.35,0,0,0,0,0,0,0,5,0,0,0,0
 120.50,  23.35,0,0,0,0,0,0,1,5,1,0,0,0
 120.55,  23.35,0,0,0,0,0,0,1,5,1,0,0,0
 120.60,  23.35,0,0,0,0,1,0,1,5,1,0,0,0
 120.65,  23.35,0,0,0,0,1,0,1,5,1,0,0,0
 120.70,  23.35,0,0,0,1,1,0,1,5,1,0,0,0
 120.75,  23.35,0,0,0,1,2,0,1,5,1,0,0,0
 120.80,  23.35,0,0,0,1,3,0,1,5,0,0,0,0
 120.85,  23.35,0,0,0,1,3,0,1,5,1,0,0,0
 120.15,  23.40,-99.9,-99.9,-99.9,-99.9,-99.9,-99.9,-99.9,-99.9,-99.9,-99.9,-99.9,-99.9
 120.20,  23.40,0,0,0,0,0,0,0,5,0,0,0,0
 120.25,  23.40,0,0,0,0,0,0,0,5,0,0,0,0
 120.30,  23.40,0,0,0,0,0,0,0,5,0,0,0,0
 120.35,  23.40,0,0,0,0,0,0,0,5,0,0,0,0
 120.40,  23.40,0,0,0,1,0,0,1,5,0,0,0,0
 120.45,  23.40,0,0,0,0,0,0,1,5,0,0,0,0
 120.50,  23.40,0,0,0,0,0,0,1,5,1,0,0,0
 120.55,  23.40,0,0,0,0,0,0,2,5,1,0,0,0
 120.60,  23.40,0,0,0,0,1,0,1,5,1,0,0,0
 120.65,  23.40,0,0,0,0,1,0,1,5,1,0,0,0
 120.70,  23.40,0,0,0,1,1,0,1,5,1,0,0,0
 120.75,  23.40,0,0,0,1,2,0,1,5,1,0,0,0
 120.80,  23.40,0,0,0,1,3,0,1,5,0,0,0,0
 120.85,  23.40,0,0,0,1,3,0,1,4,1,0,0,0
 120.00,  23.45,0,0,0,0,0,0,0,5,0,0,0,0
 120.05,  23.45,-99.9,-99.9,-99.9,-99.9,-99.9,-99.9,-99.9,-99.9,-99.9,-99.9,-99.9,-99.9
 120.15,  23.45,-99.9,-99.9,-99.9,-99.9,-99.9,-99.9,-99.9,-99.9,-99.9,-99.9,-99.9,-99.9
 120.20,  23.45,0,0,0,0,0,0,0,5,0,0,0,0
 120.25,  23.45,0,0,0,0,0,0,0,5,0,0,0,0
 120.30,  23.45,0,0,0,0,0,0,0,5,0,0,0,0
 120.35,  23.45,0,0,0,0,0,0,1,5,0,0,0,0
 120.40,  23.45,0,0,0,1,0,0,1,5,0,0,0,0
 120.45,  23.45,0,0,0,0,0,0,1,5,1,0,0,0
 120.50,  23.45,0,0,0,0,0,0,1,5,1,0,0,0
 120.55,  23.45,0,0,0,0,0,0,1,5,1,0,0,0
 120.60,  23.45,0,0,0,0,0,0,1,5,1,0,0,0
 120.65,  23.45,0,0,0,0,1,0,1,5,1,0,0,0
 120.70,  23.45,0,0,0,0,2,0,1,5,1,0,0,0
 120.75,  23.45,0,0,0,0,2,0,1,5,1,0,0,0
 120.80,  23.45,0,0,0,1,3,0,1,4,1,0,0,0
 120.85,  23.45,0,0,0,1,3,0,1,4,1,0,0,0
 120.90,  23.45,0,0,0,1,3,0,2,4,1,0,0,0
 120.95,  23.45,0,0,0,1,3,0,2,4,2,0,0,1
 121.00,  23.45,0,0,0,0,0,0,1,3,2,0,0,0
 121.05,  23.45,0,0,0,0,0,0,1,1,2,0,0,0
 120.00,  23.50,-99.9,-99.9,-99.9,-99.9,-99.9,-99.9,-99.9,-99.9,-99.9,-99.9,-99.9,-99.9
 120.05,  23.50,-99.9,-99.9,-99.9,-99.9,-99.9,-99.9,-99.9,-99.9,-99.9,-99.9,-99.9,-99.9
 120.10,  23.50,-99.9,-99.9,-99.9,-99.9,-99.9,-99.9,-99.9,-99.9,-99.9,-99.9,-99.9,-99.9
 120.15,  23.50,0,0,0,0,0,0,0,5,0,0,0,0
 120.20,  23.50,0,0,0,0,0,0,0,5,0,0,0,0
 120.25,  23.50,0,0,0,0,0,0,0,5,0,0,0,0
 120.30,  23.50,0,0,0,0,0,0,1,5,0,0,0,0
 120.35,  23.50,0,0,0,0,0,0,1,5,0,0,0,0
 120.40,  23.50,0,0,0,0,0,0,1,5,1,0,0,0
 120.45,  23.50,0,0,0,0,0,0,1,5,1,0,0,0
 120.50,  23.50,0,0,0,0,0,0,1,5,1,0,0,0
 120.55,  23.50,0,0,0,0,0,0,1,5,1,0,0,0
 120.60,  23.50,0,0,0,0,1,0,1,6,1,0,0,0
 120.65,  23.50,0,0,0,0,2,0,1,6,1,0,0,0
 120.70,  23.50,0,0,0,0,2,0,1,5,1,0,0,0
 120.75,  23.50,0,0,0,0,3,0,1,5,1,0,0,0
 120.80,  23.50,0,0,0,1,3,0,2,5,1,0,0,0
 120.85,  23.50,0,0,0,1,3,0,1,4,1,0,0,0
 120.90,  23.50,0,0,0,1,3,0,1,4,1,0,0,0
 120.95,  23.50,0,0,0,1,3,0,2,4,1,0,0,1
 121.00,  23.50,0,0,0,0,2,0,2,3,2,0,0,1
 121.05,  23.50,0,0,0,0,0,0,1,1,2,0,0,0
 121.10,  23.50,0,0,0,0,0,0,1,1,2,0,0,0
 121.15,  23.50,0,0,0,0,0,0,0,0,2,0,0,0
 120.10,  23.55,-99.9,-99.9,-99.9,-99.9,-99.9,-99.9,-99.9,-99.9,-99.9,-99.9,-99.9,-99.9
 120.15,  23.55,0,0,0,0,0,0,0,5,0,0,0,0
 120.20,  23.55,0,0,0,0,1,0,0,5,0,0,0,0
 120.25,  23.55,0,0,0,0,1,0,0,5,0,0,0,0
 120.30,  23.55,0,0,0,0,0,0,1,4,0,0,0,0
 120.35,  23.55,0,0,0,0,1,0,1,4,0,0,0,0
 120.40,  23.55,0,0,0,0,1,0,1,5,1,0,0,0
 120.45,  23.55,0,0,0,0,1,0,1,5,1,0,0,0
 120.50,  23.55,0,0,0,1,1,0,1,5,1,0,0,0
 120.55,  23.55,0,0,0,1,1,0,1,5,1,0,0,0
 120.60,  23.55,0,0,0,1,1,0,1,6,1,0,0,0
 120.65,  23.55,0,0,0,0,2,0,1,6,1,0,0,0
 120.70,  23.55,0,0,0,0,3,0,1,6,1,0,0,0
 120.75,  23.55,0,0,0,0,3,0,1,5,1,0,0,0
 120.80,  23.55,0,0,0,1,3,0,2,4,1,0,0,0
 120.85,  23.55,0,0,0,0,3,0,1,4,0,0,0,0
 120.90,  23.55,0,0,0,0,3,0,1,3,1,0,0,0
 120.95,  23.55,0,0,0,1,3,0,2,4,1,0,0,0
 121.00,  23.55,0,0,0,0,2,0,2,3,1,0,0,0
 121.05,  23.55,0,0,0,0,0,0,1,1,2,0,0,0
 121.10,  23.55,0,0,0,0,0,0,1,1,2,0,0,0
 121.15,  23.55,0,0,0,0,0,0,1,0,2,0,0,0
 120.15,  23.60,0,0,0,0,1,0,0,5,0,0,0,0
 120.20,  23.60,0,0,0,0,1,0,0,5,0,0,0,0
 120.25,  23.60,0,0,0,1,2,0,0,5,0,0,0,0
 120.30,  23.60,0,0,0,1,2,0,1,4,0,0,0,0
 120.35,  23.60,0,0,0,0,2,0,1,4,0,0,0,0
 120.40,  23.60,0,0,0,0,2,0,1,4,0,0,0,0
 120.45,  23.60,0,0,0,0,2,0,1,5,1,0,0,0
 120.50,  23.60,0,0,0,1,2,0,1,5,1,0,0,0
 120.55,  23.60,0,0,0,1,2,0,1,5,1,0,0,0
 120.60,  23.60,0,0,0,1,2,0,1,6,1,0,0,0
 120.65,  23.60,0,0,0,0,2,0,1,6,1,0,0,0
 120.70,  23.60,0,0,0,0,3,0,1,5,1,0,0,0
 120.75,  23.60,0,0,0,0,3,0,1,4,1,0,0,0
 120.80,  23.60,0,0,0,1,3,0,1,4,0,0,0,0
 120.85,  23.60,0,0,0,0,3,0,1,3,0,0,0,0
 120.90,  23.60,0,0,0,0,3,0,1,3,1,0,0,0
 120.95,  23.60,0,0,0,1,3,0,2,4,1,0,0,0
 121.00,  23.60,0,0,0,0,2,0,2,4,1,0,0,0
 121.05,  23.60,0,0,0,0,0,0,1,1,1,0,0,0
 121.10,  23.60,0,0,0,0,0,0,1,1,1,0,0,0
 121.15,  23.60,0,0,0,0,0,0,1,0,2,0,0,0
 121.20,  23.60,0,0,0,0,0,0,1,0,2,0,0,0
 120.15,  23.65,0,0,0,1,1,0,0,5,0,0,0,0
 120.20,  23.65,0,0,0,1,1,0,0,5,0,0,0,0
 120.25,  23.65,0,0,0,1,1,0,1,5,0,0,0,0
 120.30,  23.65,0,0,0,1,1,0,1,5,0,0,0,0
 120.35,  23.65,0,0,0,1,2,0,1,5,0,0,0,0
 120.40,  23.65,0,0,0,1,2,0,1,5,0,0,0,0
 120.45,  23.65,0,0,0,1,2,0,1,4,0,0,0,0
 120.50,  23.65,0,0,0,1,3,0,1,5,1,0,0,0
 120.55,  23.65,0,0,0,1,2,0,1,4,1,0,0,0
 120.60,  23.65,0,0,0,1,2,0,1,5,1,0,0,0
 120.65,  23.65,0,0,0,1,2,0,1,5,1,0,0,0
 120.70,  23.65,0,0,0,0,3,0,1,5,1,0,0,0
 120.75,  23.65,0,0,0,0,2,0,1,3,0,0,0,0
 120.80,  23.65,0,0,0,0,2,0,1,3,0,0,0,0
 120.85,  23.65,0,0,0,0,2,0,1,3,0,0,0,0
 120.90,  23.65,0,0,0,0,2,0,1,3,0,0,0,0
 120.95,  23.65,0,0,0,0,2,0,2,3,1,0,0,0
 121.00,  23.65,0,0,0,0,2,0,2,3,1,0,0,0
 121.05,  23.65,0,0,0,0,0,0,1,1,1,0,0,0
 121.10,  23.65,0,0,0,0,0,0,1,1,1,0,0,0
 121.15,  23.65,0,0,0,0,0,0,1,1,1,0,0,0
 121.20,  23.65,0,0,0,0,0,0,1,0,1,0,0,0
 121.25,  23.65,0,0,0,0,0,0,0,0,2,0,0,0
 120.15,  23.70,-99.9,-99.9,-99.9,-99.9,-99.9,-99.9,-99.9,-99.9,-99.9,-99.9,-99.9,-99.9
 120.20,  23.70,0,0,0,1,1,0,1,5,0,0,0,0
 120.25,  23.70,0,0,0,1,1,0,1,5,0,0,0,0
 120.30,  23.70,0,0,0,1,1,0,1,5,0,0,0,0
 120.35,  23.70,0,0,0,1,1,0,1,5,0,0,0,0
 120.40,  23.70,0,0,0,1,2,0,1,5,0,0,0,0
 120.45,  23.70,0,0,0,1,2,0,1,5,0,0,0,0
 120.50,  23.70,0,0,0,1,2,0,1,4,0,0,0,0
 120.55,  23.70,0,0,0,1,2,0,1,4,0,0,0,0
 120.60,  23.70,0,0,0,1,2,0,1,5,0,0,0,0
 120.65,  23.70,0,0,0,1,3,0,1,5,0,0,0,0
 120.70,  23.70,0,0,0,0,2,0,1,4,1,0,0,0
 120.75,  23.70,0,0,0,1,2,0,1,4,0,0,0,0
 120.80,  23.70,0,0,0,0,2,0,1,4,0,0,0,0
 120.85,  23.70,0,0,0,0,2,0,1,3,0,0,0,0
 120.90,  23.70,0,0,0,0,2,0,1,3,0,0,0,0
 120.95,  23.70,0,0,0,0,2,0,1,3,0,0,0,0
 121.00,  23.70,0,0,0,1,2,0,1,3,1,0,0,0
 121.05,  23.70,0,0,0,0,1,0,1,2,1,0,0,0
 121.10,  23.70,0,0,0,0,0,0,1,1,1,0,0,0
 121.15,  23.70,0,0,0,0,0,0,1,1,1,0,0,0
 121.20,  23.70,0,0,0,0,0,0,1,0,1,0,0,0
 121.25,  23.70,0,0,0,0,0,0,1,0,1,0,0,0
 120.15,  23.75,-99.9,-99.9,-99.9,-99.9,-99.9,-99.9,-99.9,-99.9,-99.9,-99.9,-99.9,-99.9
 120.20,  23.75,0,0,0,1,1,0,1,5,0,0,0,0
 120.25,  23.75,0,0,0,1,1,0,1,5,0,0,0,0
 120.30,  23.75,0,0,0,1,1,0,1,5,0,0,0,0
 120.35,  23.75,0,0,0,1,1,0,1,5,0,0,0,0
 120.40,  23.75,0,0,0,1,1,0,1,5,0,0,0,0
 120.45,  23.75,0,0,0,1,1,0,1,5,0,0,0,0
 120.50,  23.75,0,0,0,1,1,0,1,4,0,0,0,0
 120.55,  23.75,0,0,0,1,2,0,1,4,0,0,0,0
 120.60,  23.75,0,0,0,1,1,0,1,4,0,0,0,0
 120.65,  23.75,0,0,0,1,1,0,1,5,0,0,0,0
 120.70,  23.75,0,0,0,1,2,0,1,5,0,0,0,0
 120.75,  23.75,0,0,0,1,1,0,1,4,0,0,0,0
 120.80,  23.75,0,0,0,1,1,0,1,4,0,0,0,0
 120.85,  23.75,0,0,0,1,1,0,1,3,0,0,0,0
 120.90,  23.75,0,0,0,1,2,0,1,3,0,0,0,0
 120.95,  23.75,0,0,0,1,2,0,1,3,0,0,0,0
 121.00,  23.75,0,0,0,1,2,0,1,2,0,0,0,0
 121.05,  23.75,0,0,0,1,1,0,1,2,1,0,0,0
 121.10,  23.75,0,0,0,0,0,0,1,2,1,0,0,0
 121.15,  23.75,0,0,0,0,0,0,1,1,1,0,0,0
 121.20,  23.75,0,0,0,0,0,0,1,0,1,0,0,0
 121.25,  23.75,0,0,0,0,0,0,1,0,1,0,0,0
 120.15,  23.80,-99.9,-99.9,-99.9,-99.9,-99.9,-99.9,-99.9,-99.9,-99.9,-99.9,-99.9,-99.9
 120.20,  23.80,-99.9,-99.9,-99.9,-99.9,-99.9,-99.9,-99.9,-99.9,-99.9,-99.9,-99.9,-99.9
 120.25,  23.80,0,0,0,1,0,0,1,5,0,0,0,0
 120.30,  23.80,0,0,0,1,0,0,1,5,0,0,0,0
 120.35,  23.80,0,0,0,1,0,0,1,5,0,0,0,0
 120.40,  23.80,0,0,0,1,0,0,1,5,0,0,0,0
 120.45,  23.80,0,0,0,1,0,0,1,5,0,0,0,0
 120.50,  23.80,0,0,0,1,0,0,1,5,0,0,0,0
 120.55,  23.80,0,0,0,1,0,0,1,4,0,0,0,0
 120.60,  23.80,0,0,0,1,0,0,1,4,0,0,0,0
 120.65,  23.80,0,0,0,1,1,0,1,4,0,0,0,0
 120.70,  23.80,0,0,0,1,2,0,1,5,0,0,0,0
 120.75,  23.80,0,0,0,1,1,0,1,4,0,0,0,0
 120.80,  23.80,0,0,0,1,1,0,1,4,0,0,0,0
 120.85,  23.80,0,0,0,1,1,0,1,4,0,0,0,0
 120.90,  23.80,0,0,0,1,1,0,1,3,0,0,0,0
 120.95,  23.80,0,0,0,1,1,0,2,3,0,0,0,0
 121.00,  23.80,0,0,0,1,2,0,1,3,0,0,0,0
 121.05,  23.80,0,0,0,1,1,0,1,2,1,0,0,0
 121.10,  23.80,0,0,0,0,0,0,1,1,1,0,0,0
 121.15,  23.80,0,0,0,0,0,0,1,1,1,0,0,0
 121.20,  23.80,0,0,0,0,0,0,1,0,1,0,0,0
 121.25,  23.80,0,0,0,0,0,0,1,0,2,0,0,0
 120.20,  23.85,-99.9,-99.9,-99.9,-99.9,-99.9,-99.9,-99.9,-99.9,-99.9,-99.9,-99.9,-99.9
 120.25,  23.85,0,0,0,1,0,0,1,5,0,0,0,0
 120.30,  23.85,0,0,0,1,0,0,1,5,0,0,0,0
 120.35,  23.85,0,0,0,1,0,0,1,5,0,0,0,0
 120.40,  23.85,0,0,0,1,0,0,1,5,0,0,0,0
 120.45,  23.85,0,0,0,1,0,0,1,5,0,0,0,0
 120.50,  23.85,0,0,0,1,0,0,1,5,0,0,0,0
 120.55,  23.85,0,0,0,1,0,0,1,5,0,0,0,0
 120.60,  23.85,0,0,0,1,0,0,1,4,0,0,0,0
 120.65,  23.85,0,0,0,1,0,0,1,4,0,0,0,0
 120.70,  23.85,0,0,0,1,0,0,1,4,0,0,0,0
 120.75,  23.85,0,0,0,1,0,0,1,4,0,0,0,0
 120.80,  23.85,0,0,0,1,2,0,1,4,0,0,0,0
 120.85,  23.85,0,0,0,1,1,0,1,4,0,0,0,0
 120.90,  23.85,0,0,0,1,1,0,1,4,0,0,0,0
 120.95,  23.85,0,0,0,1,3,0,2,3,0,0,0,0
 121.00,  23.85,0,0,0,1,3,0,2,3,0,0,0,0
 121.05,  23.85,0,0,0,1,2,0,1,2,1,0,0,0
 121.10,  23.85,0,0,0,1,1,0,1,1,1,0,0,0
 121.15,  23.85,0,0,0,1,1,0,1,0,1,0,0,0
 121.20,  23.85,0,0,0,0,0,0,1,0,1,0,0,0
 121.25,  23.85,0,0,0,0,0,0,1,0,2,0,0,0
 120.25,  23.90,-99.9,-99.9,-99.9,-99.9,-99.9,-99.9,-99.9,-99.9,-99.9,-99.9,-99.9,-99.9
 120.30,  23.90,0,0,0,1,0,0,1,5,0,0,0,0
 120.35,  23.90,0,0,0,1,0,0,1,5,0,0,0,0
 120.40,  23.90,0,0,0,1,0,0,1,5,0,0,0,0
 120.45,  23.90,0,0,0,1,0,0,1,5,0,0,0,0
 120.50,  23.90,0,0,0,1,0,0,1,5,0,0,0,0
 120.55,  23.90,0,0,0,1,0,0,1,5,0,0,0,0
 120.60,  23.90,0,0,0,1,0,0,1,4,0,0,0,0
 120.65,  23.90,0,0,0,1,0,0,1,4,0,0,0,0
 120.70,  23.90,0,0,0,1,0,0,1,3,0,0,0,0
 120.75,  23.90,0,0,0,1,0,0,1,4,0,0,0,0
 120.80,  23.90,0,0,0,1,3,0,2,4,0,0,0,0
 120.85,  23.90,0,0,0,1,2,0,2,4,0,0,0,0
 120.90,  23.90,0,0,0,1,2,0,2,4,0,0,0,0
 120.95,  23.90,0,0,0,1,2,0,2,4,0,0,0,0
 121.00,  23.90,0,0,0,1,2,0,1,3,0,0,0,0
 121.05,  23.90,0,0,0,1,2,0,1,2,0,0,0,0
 121.10,  23.90,0,0,0,1,2,0,1,1,1,0,0,0
 121.15,  23.90,0,0,0,1,1,0,1,0,1,0,0,0
 121.20,  23.90,0,0,0,1,1,0,1,0,1,0,0,0
 121.25,  23.90,0,0,0,0,0,0,1,0,2,0,0,0
 121.30,  23.90,0,0,0,0,0,0,1,0,2,0,0,0
 120.25,  23.95,-99.9,-99.9,-99.9,-99.9,-99.9,-99.9,-99.9,-99.9,-99.9,-99.9,-99.9,-99.9
 120.30,  23.95,-99.9,-99.9,-99.9,-99.9,-99.9,-99.9,-99.9,-99.9,-99.9,-99.9,-99.9,-99.9
 120.35,  23.95,0,0,0,1,0,0,1,5,0,0,0,0
 120.40,  23.95,0,0,0,1,0,0,1,5,0,0,0,0
 120.45,  23.95,0,0,0,1,0,0,1,5,0,0,0,0
 120.50,  23.95,0,0,0,1,0,0,1,5,0,0,0,0
 120.55,  23.95,0,0,0,1,0,0,1,5,0,0,0,0
 120.60,  23.95,0,0,0,1,0,0,1,5,0,0,0,0
 120.65,  23.95,0,0,0,1,0,0,1,4,0,0,0,0
 120.70,  23.95,0,0,0,1,0,0,1,3,0,0,0,0
 120.75,  23.95,0,0,0,1,0,0,1,4,0,0,0,0
 120.80,  23.95,0,0,0,1,0,0,1,5,0,0,0,0
 120.85,  23.95,0,0,0,1,2,0,2,4,0,0,0,0
 120.90,  23.95,0,0,0,1,2,0,2,4,0,0,0,0
 120.95,  23.95,0,0,0,1,2,0,2,3,0,0,0,0
 121.00,  23.95,0,0,0,1,2,0,1,3,0,0,0,0
 121.05,  23.95,0,0,0,1,2,0,1,3,0,0,0,0
 121.10,  23.95,0,0,0,1,2,0,1,1,1,0,0,0
 121.15,  23.95,0,0,0,1,2,0,1,1,1,0,0,0
 121.20,  23.95,0,0,0,1,1,0,1,1,1,0,0,0
 121.25,  23.95,0,0,0,1,0,0,1,0,2,0,0,0
 121.30,  23.95,0,0,0,0,0,0,1,0,2,0,0,0
 120.30,  24.00,-99.9,-99.9,-99.9,-99.9,-99.9,-99.9,-99.9,-99.9,-99.9,-99.9,-99.9,-99.9
 120.35,  24.00,0,0,0,1,0,0,1,5,0,0,0,0
 120.40,  24.00,0,0,0,1,0,0,1,5,0,0,0,0
 120.45,  24.00,0,0,0,1,0,0,1,5,0,0,0,0
 120.50,  24.00,0,0,0,1,0,0,1,5,0,0,0,0
 120.55,  24.00,0,0,0,1,0,0,1,5,0,0,0,0
 120.60,  24.00,0,0,0,1,0,0,1,5,0,0,0,0
 120.65,  24.00,0,0,0,1,0,0,1,5,0,0,0,0
 120.70,  24.00,0,0,0,1,0,0,1,3,0,0,0,0
 120.75,  24.00,0,0,0,1,0,0,1,4,0,0,0,0
 120.80,  24.00,0,0,0,1,0,0,1,5,0,0,0,0
 120.85,  24.00,0,0,0,1,2,0,2,4,0,0,0,0
 120.90,  24.00,0,0,0,1,2,0,2,3,0,0,0,0
 120.95,  24.00,0,0,0,1,2,0,2,3,0,0,0,0
 121.00,  24.00,0,0,0,1,2,0,1,4,0,0,0,0
 121.05,  24.00,0,0,0,1,3,0,1,3,0,0,0,0
 121.10,  24.00,0,0,0,1,2,0,1,2,1,0,0,0
 121.15,  24.00,0,0,0,1,4,0,1,1,1,0,0,0
 121.20,  24.00,0,0,0,1,2,0,1,1,1,0,0,0
 121.25,  24.00,0,0,0,1,0,0,1,1,1,0,0,0
 121.30,  24.00,0,0,0,0,0,0,1,0,2,0,0,0
 120.35,  24.05,-99.9,-99.9,-99.9,-99.9,-99.9,-99.9,-99.9,-99.9,-99.9,-99.9,-99.9,-99.9
 120.40,  24.05,-99.9,-99.9,-99.9,-99.9,-99.9,-99.9,-99.9,-99.9,-99.9,-99.9,-99.9,-99.9
 120.45,  24.05,0,0,0,1,0,0,1,5,0,0,0,0
 120.50,  24.05,0,0,0,1,0,0,1,5,0,0,0,0
 120.55,  24.05,0,0,0,1,0,0,1,5,0,0,0,0
 120.60,  24.05,0,0,0,1,0,0,1,5,0,0,0,0
 120.65,  24.05,0,0,0,1,0,0,1,5,0,0,0,0
 120.70,  24.05,0,0,0,1,0,0,2,4,0,0,0,0
 120.75,  24.05,0,0,0,1,0,0,2,5,0,0,0,0
 120.80,  24.05,0,0,0,1,2,0,1,5,0,0,0,0
 120.85,  24.05,0,0,0,1,2,0,1,4,0,0,0,0
 120.90,  24.05,0,0,0,1,2,0,1,3,0,0,0,0
 120.95,  24.05,0,0,0,1,1,0,1,3,0,0,0,0
 121.00,  24.05,0,0,0,1,2,0,1,3,0,0,0,0
 121.05,  24.05,0,0,0,1,3,0,1,3,0,0,0,0
 121.10,  24.05,0,0,0,1,3,0,1,2,0,0,0,0
 121.15,  24.05,0,0,0,1,3,0,1,2,1,0,0,0
 121.20,  24.05,0,0,0,1,3,0,1,1,1,0,0,0
 121.25,  24.05,0,0,0,1,1,0,1,1,1,0,0,0
 121.30,  24.05,0,0,0,1,0,0,1,0,2,0,0,0
 120.35,  24.10,-99.9,-99.9,-99.9,-99.9,-99.9,-99.9,-99.9,-99.9,-99.9,-99.9,-99.9,-99.9
 120.40,  24.10,-99.9,-99.9,-99.9,-99.9,-99.9,-99.9,-99.9,-99.9,-99.9,-99.9,-99.9,-99.9
 120.45,  24.10,0,0,0,1,0,0,1,5,0,0,0,0
 120.50,  24.10,0,0,0,1,0,0,1,5,0,0,0,0
 120.55,  24.10,0,0,0,1,0,0,1,5,0,0,0,0
 120.60,  24.10,0,0,0,1,0,0,1,5,0,0,0,0
 120.65,  24.10,0,0,0,1,0,0,1,5,0,0,0,0
 120.70,  24.10,0,0,0,1,0,0,1,4,0,0,0,0
 120.75,  24.10,0,0,0,1,0,0,2,4,0,0,0,0
 120.80,  24.10,0,0,0,1,2,0,2,5,0,0,0,0
 120.85,  24.10,0,0,0,1,2,0,1,4,0,0,0,0
 120.90,  24.10,0,0,0,1,2,0,2,4,0,0,0,0
 120.95,  24.10,0,0,0,1,1,0,1,4,0,0,0,0
 121.00,  24.10,0,0,0,1,2,0,1,4,0,0,0,0
 121.05,  24.10,0,0,0,1,2,0,1,3,0,0,0,0
 121.10,  24.10,0,0,0,1,3,0,1,3,0,0,0,0
 121.15,  24.10,0,0,0,1,3,0,1,2,1,0,0,0
 121.20,  24.10,0,0,0,1,3,0,1,2,1,0,0,0
 121.25,  24.10,0,0,0,1,0,0,1,1,1,0,0,0
 121.30,  24.10,0,0,0,0,0,0,1,0,2,0,0,0
 121.35,  24.10,0,0,0,0,0,0,1,0,2,0,0,0
 120.40,  24.15,-99.9,-99.9,-99.9,-99.9,-99.9,-99.9,-99.9,-99.9,-99.9,-99.9,-99.9,-99.9
 120.45,  24.15,0,0,0,0,0,0,1,5,0,0,0,0
 120.50,  24.15,0,0,0,0,0,0,1,4,0,0,0,0
 120.55,  24.15,0,0,0,1,0,0,1,5,0,0,0,0
 120.60,  24.15,0,0,0,1,0,0,1,5,0,0,0,0
 120.65,  24.15,0,0,0,1,0,0,1,4,0,0,0,0
 120.70,  24.15,0,0,0,1,0,0,1,4,0,0,0,0
 120.75,  24.15,0,0,0,1,0,0,1,5,0,0,0,0
 120.80,  24.15,0,0,0,1,2,0,2,5,0,0,0,0
 120.85,  24.15,0,0,0,1,2,0,2,4,0,0,0,0
 120.90,  24.15,0,0,0,1,2,0,1,4,0,0,0,0
 120.95,  24.15,0,0,0,1,2,0,1,4,0,0,0,0
 121.00,  24.15,0,0,0,1,3,0,1,5,0,0,0,0
 121.05,  24.15,0,0,0,1,3,0,1,4,0,0,0,0
 121.10,  24.15,0,0,0,1,3,0,1,3,0,0,0,0
 121.15,  24.15,0,0,0,1,3,0,1,2,0,0,0,0
 121.20,  24.15,0,0,0,1,3,0,1,2,1,0,0,0
 121.25,  24.15,0,0,0,1,0,0,1,1,1,0,0,0
 121.30,  24.15,0,0,0,1,0,0,1,0,2,0,0,0
 120.45,  24.20,-99.9,-99.9,-99.9,-99.9,-99.9,-99.9,-99.9,-99.9,-99.9,-99.9,-99.9,-99.9
 120.50,  24.20,0,0,0,0,0,0,1,4,0,0,0,0
 120.55,  24.20,0,0,0,0,0,0,1,4,0,0,0,0
 120.60,  24.20,0,0,0,1,0,0,1,4,0,0,0,0
 120.65,  24.20,0,0,0,1,0,0,1,4,0,0,0,0
 120.70,  24.20,0,0,0,1,0,0,1,4,0,0,0,0
 120.75,  24.20,0,0,0,1,1,0,1,5,0,0,0,0
 120.80,  24.20,0,0,0,1,1,0,1,5,0,0,0,0
 120.85,  24.20,0,0,0,1,1,0,2,4,0,0,0,0
 120.90,  24.20,0,0,0,1,2,0,1,5,0,0,0,0
 120.95,  24.20,0,0,0,1,2,0,1,5,0,0,0,1
 121.00,  24.20,0,0,0,1,4,0,1,5,0,0,0,1
 121.05,  24.20,0,0,0,1,4,0,1,4,0,0,0,0
 121.10,  24.20,0,0,0,1,3,0,1,3,0,0,0,0
 121.15,  24.20,0,0,0,1,3,0,1,2,0,0,0,0
 121.20,  24.20,0,0,0,1,2,0,1,2,1,0,0,0
 121.25,  24.20,0,0,0,1,1,0,1,2,1,0,0,0
 121.30,  24.20,0,0,0,1,0,0,1,1,1,0,0,0
 121.35,  24.20,0,0,0,1,0,0,1,0,2,0,0,0
 120.45,  24.25,-99.9,-99.9,-99.9,-99.9,-99.9,-99.9,-99.9,-99.9,-99.9,-99.9,-99.9,-99.9
 120.50,  24.25,0,0,0,0,0,0,1,4,0,0,0,0
 120.55,  24.25,0,0,0,0,0,0,1,4,0,0,0,0
 120.60,  24.25,0,0,0,0,0,0,1,4,0,0,0,0
 120.65,  24.25,0,0,0,0,0,0,1,4,0,0,0,0
 120.70,  24.25,0,0,0,1,1,0,1,5,0,0,0,0
 120.75,  24.25,0,0,0,1,1,0,1,6,0,0,0,0
 120.80,  24.25,0,0,0,1,1,0,1,5,0,0,0,0
 120.85,  24.25,0,0,0,1,3,0,1,5,0,0,0,0
 120.90,  24.25,0,0,0,1,4,0,1,5,0,0,0,1
 120.95,  24.25,0,0,0,1,4,0,2,5,0,0,0,1
 121.00,  24.25,0,0,0,2,5,0,2,4,0,0,0,1
 121.05,  24.25,0,0,0,2,5,0,1,4,0,0,0,1
 121.10,  24.25,0,0,0,1,3,0,1,4,0,0,0,1
 121.15,  24.25,0,0,0,1,2,0,1,2,0,0,0,0
 121.20,  24.25,0,0,0,1,2,0,1,2,1,0,0,0
 121.25,  24.25,0,0,0,1,0,0,1,2,1,0,0,0
 121.30,  24.25,0,0,0,1,0,0,1,1,1,0,0,0
 121.35,  24.25,0,0,0,1,0,0,1,0,2,0,0,0
 121.40,  24.25,0,0,0,0,0,0,1,0,2,0,0,0
 120.50,  24.30,-99.9,-99.9,-99.9,-99.9,-99.9,-99.9,-99.9,-99.9,-99.9,-99.9,-99.9,-99.9
 120.55,  24.30,0,0,0,0,0,0,1,4,0,0,0,0
 120.60,  24.30,0,0,0,0,0,0,1,4,0,0,0,0
 120.65,  24.30,0,0,0,0,0,0,1,4,0,0,0,0
 120.70,  24.30,0,0,0,0,1,0,1,4,0,0,0,0
 120.75,  24.30,0,0,0,0,1,0,1,5,0,0,0,0
 120.80,  24.30,0,0,0,1,1,0,1,5,0,0,0,0
 120.85,  24.30,0,0,0,1,2,0,1,5,0,0,0,0
 120.90,  24.30,0,0,0,1,2,0,2,6,0,0,0,0
 120.95,  24.30,0,0,0,1,4,0,2,5,0,0,0,1
 121.00,  24.30,0,0,0,1,4,0,2,4,0,0,0,1
 121.05,  24.30,0,0,0,2,5,0,2,4,0,0,0,1
 121.10,  24.30,0,0,0,2,5,0,1,3,0,0,0,1
 121.15,  24.30,0,0,0,2,4,0,1,3,0,0,0,1
 121.20,  24.30,0,0,0,1,1,0,1,2,1,0,0,1
 121.25,  24.30,0,0,0,1,0,0,1,2,1,0,0,0
 121.30,  24.30,0,0,0,1,0,0,1,1,1,0,0,0
 121.35,  24.30,0,0,0,1,0,0,1,0,1,0,0,0
 121.40,  24.30,0,0,0,0,0,0,1,1,1,0,0,0
 121.45,  24.30,0,0,0,0,0,0,1,1,2,0,0,0
 120.55,  24.35,0,0,0,0,0,0,1,4,0,0,0,0
 120.60,  24.35,0,0,0,0,0,0,1,4,0,0,0,0
 120.65,  24.35,0,0,0,0,1,0,1,4,0,0,0,0
 120.70,  24.35,0,0,0,0,1,0,1,4,0,0,0,0
 120.75,  24.35,0,0,0,0,1,0,1,4,0,0,0,0
 120.90,  24.35,0,0,0,1,2,0,1,5,0,0,0,0
 120.95,  24.35,0,0,0,1,2,0,2,4,0,0,0,0
 121.00,  24.35,0,0,0,1,3,0,2,4,0,0,0,1
 121.10,  24.35,0,0,0,2,4,0,2,3,0,0,0,1
 121.15,  24.35,0,0,0,1,2,0,1,3,0,0,0,1
 121.20,  24.35,0,0,0,1,1,0,1,2,1,0,0,1
 121.25,  24.35,0,0,0,1,1,0,1,2,1,0,0,1
 121.30,  24.35,0,0,0,1,0,0,1,2,1,0,0,0
 121.35,  24.35,0,0,0,0,0,0,1,1,1,0,0,0
 121.40,  24.35,0,0,0,0,0,0,1,1,1,0,0,0
 121.45,  24.35,0,0,0,0,0,0,1,1,2,0,0,0
 120.60,  24.40,0,0,0,0,0,0,1,4,0,0,0,0
 120.65,  24.40,0,0,0,0,1,0,1,4,0,0,0,0
 120.70,  24.40,0,0,0,0,1,0,1,4,0,0,0,0
 121.20,  24.40,0,0,0,1,0,0,1,2,1,0,0,1
 121.25,  24.40,0,0,0,0,0,0,1,2,1,0,0,0
 121.30,  24.40,0,0,0,0,0,0,1,1,1,0,0,0
 121.35,  24.40,0,0,0,0,0,0,1,1,1,0,0,0
 121.40,  24.40,0,0,0,0,0,0,1,1,1,0,0,0
 121.45,  24.40,0,0,0,0,0,0,1,1,1,0,0,0
 120.60,  24.45,-99.9,-99.9,-99.9,-99.9,-99.9,-99.9,-99.9,-99.9,-99.9,-99.9,-99.9,-99.9
 120.65,  24.45,0,0,0,0,1,0,1,4,0,0,0,0
 121.25,  24.45,0,0,0,0,0,0,1,1,1,1,0,0
 121.30,  24.45,0,0,0,0,0,0,1,1,1,1,0,0
 121.35,  24.45,0,0,0,0,0,0,1,1,1,1,0,0
 120.70,  21.85,-99.9,-99.9,-99.9,-99.9,-99.9,-99.9,-99.9,-99.9,-99.9,-99.9,-99.9,-99.9
 120.75,  21.85,-99.9,-99.9,-99.9,-99.9,-99.9,-99.9,-99.9,-99.9,-99.9,-99.9,-99.9,-99.9
 120.85,  21.85,-99.9,-99.9,-99.9,-99.9,-99.9,-99.9,-99.9,-99.9,-99.9,-99.9,-99.9,-99.9
 120.70,  21.40,-99.9,-99.9,-99.9,-99.9,-99.9,-99.9,-99.9,-99.9,-99.9,-99.9,-99.9,-99.9
 120.75,  21.40,-99.9,-99.9,-99.9,-99.9,-99.9,-99.9,-99.9,-99.9,-99.9,-99.9,-99.9,-99.9
 120.80,  21.40,-99.9,-99.9,-99.9,-99.9,-99.9,-99.9,-99.9,-99.9,-99.9,-99.9,-99.9,-99.9
 120.85,  21.40,-99.9,-99.9,-99.9,-99.9,-99.9,-99.9,-99.9,-99.9,-99.9,-99.9,-99.9,-99.9
 120.70,  22.00,0,0,0,0,0,0,0,3,1,0,0,0
 120.75,  22.00,0,0,0,0,0,0,1,4,1,0,0,0
 120.80,  22.00,0,0,0,0,1,0,1,3,1,0,0,0
 120.85,  22.00,0,0,0,0,1,1,1,2,1,0,0,0
 120.90,  22.00,-99.9,-99.9,-99.9,-99.9,-99.9,-99.9,-99.9,-99.9,-99.9,-99.9,-99.9,-99.9
 120.70,  22.05,0,0,0,0,1,0,0,3,1,0,0,0
 120.75,  22.05,0,0,0,0,1,0,0,4,1,0,0,0
 120.80,  22.05,0,0,0,0,0,0,1,4,1,0,1,0
 120.85,  22.05,0,0,0,0,0,2,1,3,1,0,1,0
 120.90,  22.05,0,0,0,0,0,1,0,2,1,0,0,0
 120.70,  22.10,0,0,0,0,1,0,0,3,1,0,0,0
 120.75,  22.10,0,0,0,0,1,1,1,2,1,0,0,0
 120.80,  22.10,0,0,0,0,1,1,1,4,1,0,1,0
 120.85,  22.10,0,0,0,0,1,2,1,3,1,0,1,0
 120.90,  22.10,0,0,0,0,0,2,0,2,1,0,0,0
 120.70,  22.15,0,0,0,0,1,0,0,3,2,0,0,0
 120.75,  22.15,0,0,0,0,1,0,0,2,1,0,0,0
 120.80,  22.15,0,0,0,0,1,1,0,4,1,0,1,0
 120.85,  22.15,0,0,0,0,1,3,1,3,1,0,1,0
 120.90,  22.15,0,0,0,0,0,2,0,2,1,0,1,0
 120.70,  22.20,0,0,0,0,1,0,0,3,2,0,0,0
 120.75,  22.20,0,0,0,0,1,0,0,3,1,0,0,0
 120.80,  22.20,0,0,0,0,1,1,1,3,1,0,1,0
 120.85,  22.20,0,0,0,0,1,3,1,3,1,0,1,0
 120.90,  22.20,0,0,0,0,0,3,1,2,1,0,1,0
 120.65,  22.25,0,0,0,0,1,0,0,4,1,0,0,0
 120.70,  22.25,0,0,0,0,1,0,0,3,1,0,0,0
 120.75,  22.25,0,0,0,0,1,1,1,3,2,0,0,0
 120.80,  22.25,0,0,0,0,1,1,1,2,2,0,1,0
 120.85,  22.25,0,0,0,0,0,4,1,3,2,0,1,0
 120.90,  22.25,0,0,0,0,0,3,1,3,1,0,1,0
 120.35,  22.30,-99.9,-99.9,-99.9,-99.9,-99.9,-99.9,-99.9,-99.9,-99.9,-99.9,-99.9,-99.9
 120.60,  22.30,-99.9,-99.9,-99.9,-99.9,-99.9,-99.9,-99.9,-99.9,-99.9,-99.9,-99.9,-99.9
 120.65,  22.30,0,0,0,0,1,0,0,3,1,0,0,0
 120.70,  22.30,0,0,0,0,1,0,0,3,2,0,0,0
 120.75,  22.30,0,0,0,0,1,1,1,3,2,0,0,0
 120.80,  22.30,0,0,0,0,0,1,1,3,2,0,1,0
 120.35,  22.35,0,0,0,0,0,0,0,2,0,0,0,0
 120.40,  22.35,-99.9,-99.9,-99.9,-99.9,-99.9,-99.9,-99.9,-99.9,-99.9,-99.9,-99.9,-99.9
 120.60,  22.35,0,0,0,0,0,0,0,3,1,0,0,0
 120.65,  22.35,0,0,0,0,0,0,0,3,1,0,0,0
 120.70,  22.35,0,0,0,0,1,0,0,3,2,0,0,0
 120.75,  22.35,0,0,0,0,1,1,0,4,2,0,0,0
 120.80,  22.35,0,0,0,0,0,3,1,3,2,0,1,0
 120.50,  22.40,0,0,0,0,0,0,0,2,1,0,0,0
 120.55,  22.40,0,0,0,0,0,0,0,3,1,0,0,0
 120.60,  22.40,0,0,0,0,0,0,0,3,1,0,0,0
 120.65,  22.40,0,0,0,0,0,0,0,4,1,0,0,0
 120.70,  22.40,0,0,0,0,2,0,0,6,2,0,0,0
 120.75,  22.40,0,0,0,0,1,1,0,6,2,0,0,0
 120.80,  22.40,0,0,0,0,0,4,0,5,2,0,1,0
 120.45,  22.45,0,0,0,0,0,0,0,3,0,0,0,0
 120.50,  22.45,0,0,0,0,0,0,0,2,1,0,0,0
 120.55,  22.45,0,0,0,0,0,0,0,3,1,0,0,0
 120.60,  22.45,0,0,0,0,0,0,0,4,1,0,0,0
 120.65,  22.45,0,0,0,0,0,0,0,6,2,0,0,0
 120.70,  22.45,0,0,0,0,2,0,0,6,2,0,0,0
 120.75,  22.45,0,0,0,0,0,0,0,6,2,0,0,0
 120.80,  22.45,0,0,0,0,0,2,0,3,2,0,0,0
 120.35,  22.50,0,0,0,0,1,0,0,2,0,0,0,0
 120.40,  22.50,0,0,0,0,0,0,0,3,0,0,0,0
 120.45,  22.50,0,0,0,0,0,0,0,3,0,0,0,0
 120.50,  22.50,0,0,0,0,0,0,0,3,0,0,0,0
 120.55,  22.50,0,0,0,0,0,0,0,3,1,0,0,0
 120.60,  22.50,0,0,0,0,0,0,0,4,1,0,0,0
 120.65,  22.50,0,0,0,0,0,0,0,5,1,0,0,0
 120.70,  22.50,0,0,0,0,0,0,0,6,1,0,0,0
 120.75,  22.50,0,0,0,0,0,0,0,5,2,0,0,0
 120.30,  22.55,0,0,0,0,1,0,1,2,0,0,0,0
 120.35,  22.55,0,0,0,0,1,0,0,2,0,0,0,0
 120.40,  22.55,0,0,0,0,0,0,0,4,0,0,0,0
 120.45,  22.55,0,0,0,0,0,0,0,4,0,0,0,0
 120.50,  22.55,0,0,0,0,0,0,0,3,1,0,0,0
 120.55,  22.55,0,0,0,0,0,0,0,3,2,0,0,0
 120.60,  22.55,0,0,0,0,0,0,0,4,2,0,0,0
 120.65,  22.55,0,0,0,0,1,0,0,6,1,0,0,0
 120.70,  22.55,0,0,0,0,1,0,0,6,1,0,0,0
 120.75,  22.55,0,0,0,0,1,0,0,5,2,0,0,0
 120.25,  22.60,0,0,0,0,1,0,1,2,0,0,0,0
 120.30,  22.60,0,0,0,0,1,0,1,2,0,0,0,0
 120.35,  22.60,0,0,0,0,1,0,1,2,0,0,0,0
 120.40,  22.60,0,0,0,0,1,0,0,2,0,0,0,0
 120.45,  22.60,0,0,0,0,0,0,0,2,0,0,0,0
 120.50,  22.60,0,0,0,0,0,0,0,3,1,0,0,0
 120.55,  22.60,0,0,0,0,0,0,0,3,2,0,0,0
 120.60,  22.60,0,0,0,0,0,0,0,4,1,0,0,0
 120.65,  22.60,0,0,0,0,2,0,0,6,1,0,0,0
 120.70,  22.60,0,0,0,0,2,0,0,6,2,0,0,0
 120.75,  22.60,0,0,0,0,2,0,0,6,2,0,0,0
 120.25,  22.65,0,0,0,0,1,0,1,2,0,0,0,0
 120.30,  22.65,0,0,0,0,1,0,1,2,0,0,0,0
 120.35,  22.65,0,0,0,0,1,0,1,2,0,0,0,0
 120.40,  22.65,0,0,0,0,0,0,0,2,0,0,0,0
 120.45,  22.65,0,0,0,0,0,0,0,2,0,0,0,0
 120.50,  22.65,0,0,0,0,0,0,0,3,0,0,0,0
 120.55,  22.65,0,0,0,0,0,0,0,4,0,0,0,0
 120.60,  22.65,0,0,0,0,1,0,0,5,1,0,0,0
 120.65,  22.65,0,0,0,0,1,0,0,6,1,0,0,0
 120.70,  22.65,0,0,0,0,2,0,1,6,2,0,0,0
 120.75,  22.65,0,0,0,0,2,0,1,6,2,0,0,0
 120.80,  22.65,0,0,0,0,2,0,1,5,2,0,0,0
 120.25,  22.70,0,0,0,0,1,0,0,2,0,0,0,0
 120.30,  22.70,0,0,0,0,1,0,1,2,0,0,0,0
 120.35,  22.70,0,0,0,0,1,0,1,2,0,0,0,0
 120.40,  22.70,0,0,0,0,0,0,0,3,0,0,0,0
 120.45,  22.70,0,0,0,0,0,0,0,3,0,0,0,0
 120.50,  22.70,0,0,0,0,0,0,0,3,0,0,0,0
 120.55,  22.70,0,0,0,0,1,0,0,3,0,0,0,0
 120.60,  22.70,0,0,0,0,1,0,0,4,1,0,0,0
 120.65,  22.70,0,0,0,0,1,0,0,6,1,0,0,0
 120.70,  22.70,0,0,0,0,2,0,1,6,2,0,0,0
 120.75,  22.70,0,0,0,0,2,0,1,6,2,0,0,0
 120.80,  22.70,0,0,0,0,2,0,1,6,2,0,0,0
 120.85,  22.70,0,0,0,0,2,0,0,5,2,0,0,0
 120.90,  22.70,0,0,0,0,2,0,0,4,2,0,0,0
 120.25,  22.75,0,0,0,0,0,0,0,2,0,0,0,0
 120.30,  22.75,0,0,0,0,0,0,0,2,0,0,0,0
 120.35,  22.75,0,0,0,0,0,0,0,3,0,0,0,0
 120.40,  22.75,0,0,0,0,0,0,0,3,0,0,0,0
 120.45,  22.75,0,0,0,0,0,0,0,2,0,0,0,0
 120.50,  22.75,0,0,0,0,1,0,0,3,0,0,0,0
 120.55,  22.75,0,0,0,0,1,0,0,3,0,0,0,0
 120.60,  22.75,0,0,0,0,1,0,0,4,0,0,0,0
 120.65,  22.75,0,0,0,0,1,0,0,5,0,0,0,0
 120.70,  22.75,0,0,0,0,2,0,1,6,1,0,0,0
 120.75,  22.75,0,0,0,0,2,0,1,6,2,0,0,0
 120.80,  22.75,0,0,0,0,2,0,1,6,2,0,0,0
 120.85,  22.75,0,0,0,0,2,0,1,5,2,0,0,0
 120.90,  22.75,0,0,0,0,2,0,0,4,2,0,0,0
 120.20,  22.80,0,0,0,0,0,0,0,2,0,0,0,0
 120.25,  22.80,0,0,0,0,0,0,0,2,0,0,0,0
 120.30,  22.80,0,0,0,0,0,0,0,2,0,0,0,0
 120.35,  22.80,0,0,0,0,0,0,0,3,0,0,0,0
 120.40,  22.80,0,0,0,0,0,0,0,3,0,0,0,0
 120.45,  22.80,0,0,0,0,1,0,0,3,0,0,0,0
 120.50,  22.80,0,0,0,0,1,0,0,3,0,0,0,0
 120.55,  22.80,0,0,0,0,1,0,0,3,0,0,0,0
 120.60,  22.80,0,0,0,0,1,0,0,6,0,0,0,0
 120.65,  22.80,0,0,0,0,1,0,1,6,1,0,0,0
 120.70,  22.80,0,0,0,0,2,0,1,6,1,0,0,0
 120.75,  22.80,0,0,0,0,2,0,1,6,1,0,0,0
 120.80,  22.80,0,0,0,0,2,0,1,5,2,0,0,0
 120.85,  22.80,0,0,0,0,2,0,1,5,2,0,0,0
 120.90,  22.80,0,0,0,0,1,0,0,2,2,0,0,0
 120.20,  22.85,0,0,0,0,0,0,0,3,0,0,0,0
 120.25,  22.85,0,0,0,0,0,0,0,3,0,0,0,0
 120.30,  22.85,0,0,0,0,0,0,0,3,0,0,0,0
 120.35,  22.85,0,0,0,0,0,0,0,3,0,0,0,0
 120.40,  22.85,0,0,0,0,1,0,0,5,0,0,0,0
 120.45,  22.85,0,0,0,0,1,0,0,5,0,0,0,0
 120.50,  22.85,0,0,0,0,1,0,0,6,0,0,0,0
 120.55,  22.85,0,0,0,0,1,0,0,6,0,0,0,0
 120.60,  22.85,0,0,0,0,1,0,1,6,0,0,0,0
 120.65,  22.85,0,0,0,0,1,0,1,6,0,0,0,0
 120.70,  22.85,0,0,0,0,2,0,1,6,1,0,0,0
 120.75,  22.85,0,0,0,0,2,0,1,5,1,0,0,0
 120.80,  22.85,0,0,0,0,2,0,1,5,1,0,0,0
 120.85,  22.85,0,0,0,0,2,0,1,2,2,0,0,0
 120.15,  22.90,-99.9,-99.9,-99.9,-99.9,-99.9,-99.9,-99.9,-99.9,-99.9,-99.9,-99.9,-99.9
 120.20,  22.90,0,0,0,0,0,0,0,3,0,0,0,0
 120.25,  22.90,0,0,0,0,0,0,0,3,0,0,0,0
 120.30,  22.90,0,0,0,0,0,0,0,3,0,0,0,0
 120.35,  22.90,0,0,0,0,1,0,0,4,0,0,0,0
 120.40,  22.90,0,0,0,0,1,0,0,5,0,0,0,0
 120.45,  22.90,0,0,0,0,1,0,0,6,0,0,0,0
 120.50,  22.90,0,0,0,0,1,0,0,6,0,0,0,0
 120.55,  22.90,0,0,0,0,1,0,1,6,0,0,0,0
 120.60,  22.90,0,0,0,0,1,0,1,6,0,0,0,0
 120.65,  22.90,0,0,0,0,1,0,1,6,0,0,0,0
 120.70,  22.90,0,0,0,0,3,0,1,6,0,0,0,0
 120.75,  22.90,0,0,0,0,3,0,1,5,1,0,0,0
 120.80,  22.90,0,0,0,0,2,0,1,5,1,0,0,0
 120.85,  22.90,0,0,0,0,1,0,1,2,2,0,0,0
 120.15,  22.95,-99.9,-99.9,-99.9,-99.9,-99.9,-99.9,-99.9,-99.9,-99.9,-99.9,-99.9,-99.9
 120.20,  22.95,0,0,0,0,1,1,0,4,0,0,0,0
 120.25,  22.95,0,0,0,0,1,0,0,3,0,0,0,0
 120.30,  22.95,0,0,0,0,1,0,0,4,0,0,0,0
 120.35,  22.95,0,0,0,0,1,0,0,3,0,0,0,0
 120.40,  22.95,0,0,0,0,1,0,0,3,0,0,0,0
 120.45,  22.95,0,0,0,0,1,0,0,6,0,0,0,0
 120.50,  22.95,0,0,0,0,1,0,0,6,0,0,0,0
 120.55,  22.95,0,0,0,0,2,0,1,6,0,0,0,0
 120.60,  22.95,0,0,0,0,1,0,1,6,0,0,0,0
 120.65,  22.95,0,0,0,0,2,0,1,6,0,0,0,0
 120.70,  22.95,0,0,0,0,3,0,1,6,0,0,0,0
 120.75,  22.95,0,0,0,0,3,0,1,5,1,0,0,0
 120.80,  22.95,0,0,0,0,2,0,1,5,1,0,0,0
 120.85,  22.95,0,0,0,0,1,0,1,2,1,0,0,0
 120.10,  23.00,0,0,0,0,1,1,0,3,0,0,0,0
 120.15,  23.00,0,0,0,0,1,1,0,4,0,0,0,0
 120.20,  23.00,0,0,0,0,1,1,0,4,0,0,0,0
 120.25,  23.00,0,0,0,0,1,0,0,4,0,0,0,0
 120.30,  23.00,0,0,0,0,1,0,0,3,0,0,0,0
 120.35,  23.00,0,0,0,0,1,0,0,4,0,0,0,0
 120.40,  23.00,0,0,0,0,1,0,0,4,0,0,0,0
 120.45,  23.00,0,0,0,0,1,0,1,4,0,0,0,0
 120.50,  23.00,0,0,0,0,2,0,1,5,0,0,0,0
 120.55,  23.00,0,0,0,0,3,0,1,5,0,0,0,0
 120.60,  23.00,0,0,0,0,3,0,1,5,0,0,0,0
 120.65,  23.00,0,0,0,0,3,0,1,5,0,0,0,0
 120.70,  23.00,0,0,0,0,3,0,1,5,1,0,0,0
 120.75,  23.00,0,0,0,1,3,0,1,5,1,0,0,0
 120.80,  23.00,0,0,0,0,3,0,1,5,1,0,0,0
 120.85,  23.00,0,0,0,0,1,0,1,2,1,0,0,0
 120.05,  23.05,0,0,0,0,0,0,0,3,0,0,0,0
 120.10,  23.05,0,0,0,0,1,0,0,3,0,0,0,0
 120.15,  23.05,0,0,0,0,1,0,0,4,0,0,0,0
 120.20,  23.05,0,0,0,0,1,0,0,4,0,0,0,0
 120.25,  23.05,0,0,0,0,1,0,0,4,0,0,0,0
 120.30,  23.05,0,0,0,0,1,0,0,4,0,0,0,0
 120.35,  23.05,0,0,0,0,1,0,0,6,0,0,0,0
 120.40,  23.05,0,0,0,0,1,0,0,5,0,0,0,0
 120.45,  23.05,0,0,0,0,1,0,1,4,0,0,0,0
 120.50,  23.05,0,0,0,0,2,0,1,5,0,0,0,0
 120.55,  23.05,0,0,0,0,3,0,1,5,0,0,0,0
 120.60,  23.05,0,0,0,0,3,0,1,5,0,0,0,0
 120.65,  23.05,0,0,0,0,3,0,1,6,0,0,0,0
 120.70,  23.05,0,0,0,1,3,0,1,5,1,0,0,0
 120.75,  23.05,0,0,0,1,3,0,1,5,1,0,0,0
 120.80,  23.05,0,0,0,1,3,0,1,5,1,0,0,0
 120.85,  23.05,0,0,0,0,1,0,1,4,2,0,0,0
 120.90,  23.05,0,0,0,0,1,0,1,1,2,0,0,0
 120.05,  23.10,-99.9,-99.9,-99.9,-99.9,-99.9,-99.9,-99.9,-99.9,-99.9,-99.9,-99.9,-99.9
 120.10,  23.10,0,0,0,0,0,0,0,3,0,0,0,0
 120.15,  23.10,0,0,0,0,1,0,0,4,0,0,0,0
 120.20,  23.10,0,0,0,0,1,0,0,4,0,0,0,0
 120.25,  23.10,0,0,0,0,0,0,0,4,0,0,0,0
 120.30,  23.10,0,0,0,0,0,0,0,4,0,0,0,0
 120.35,  23.10,0,0,0,0,0,0,0,6,0,0,0,0
 120.40,  23.10,0,0,0,0,1,0,1,6,0,0,0,0
 120.45,  23.10,0,0,0,0,2,0,1,5,0,0,0,0
 120.50,  23.10,0,0,0,0,2,0,1,4,0,0,0,0
 120.55,  23.10,0,0,0,0,3,0,1,5,0,0,0,0
 120.60,  23.10,0,0,0,1,3,0,1,5,0,0,0,0
 120.65,  23.10,0,0,0,1,3,0,1,6,0,0,0,0
 120.70,  23.10,0,0,0,1,3,0,1,5,1,0,0,0
 120.75,  23.10,0,0,0,1,3,0,1,5,1,0,0,0
 120.80,  23.10,0,0,0,1,2,0,1,5,1,0,0,0
 120.85,  23.10,0,0,0,1,2,0,1,5,2,0,0,0
 120.90,  23.10,0,0,0,1,1,0,1,2,2,0,0,0
 120.05,  23.15,-99.9,-99.9,-99.9,-99.9,-99.9,-99.9,-99.9,-99.9,-99.9,-99.9,-99.9,-99.9
 120.10,  23.15,0,0,0,0,0,0,0,4,0,0,0,0
 120.15,  23.15,0,0,0,0,0,0,0,4,0,0,0,0
 120.20,  23.15,0,0,0,0,0,0,0,4,0,0,0,0
 120.25,  23.15,0,0,0,0,0,0,0,4,0,0,0,0
 120.30,  23.15,0,0,0,0,0,0,0,4,0,0,0,0
 120.35,  23.15,0,0,0,0,0,0,0,4,0,0,0,0
 120.40,  23.15,0,0,0,0,1,0,1,6,0,0,0,0
 120.45,  23.15,0,0,0,0,2,0,1,6,0,0,0,0
 120.50,  23.15,0,0,0,0,3,0,1,5,0,0,0,0
 120.55,  23.15,0,0,0,0,3,0,1,5,0,0,0,0
 120.60,  23.15,0,0,0,1,3,0,1,6,0,0,0,0
 120.65,  23.15,0,0,0,1,3,0,1,6,0,0,0,0
 120.70,  23.15,0,0,0,1,3,0,1,5,0,0,0,0
 120.75,  23.15,0,0,0,1,3,0,1,5,1,0,0,0
 120.80,  23.15,0,0,0,1,2,0,1,5,1,0,0,0
 120.85,  23.15,0,0,0,1,2,0,1,5,2,0,0,0
 120.90,  23.15,0,0,0,1,2,0,1,2,2,0,0,0
 120.05,  23.20,-99.9,-99.9,-99.9,-99.9,-99.9,-99.9,-99.9,-99.9,-99.9,-99.9,-99.9,-99.9
 120.10,  23.20,0,0,0,0,0,0,0,4,0,0,0,0
 120.15,  23.20,0,0,0,0,0,0,0,4,0,0,0,0
 120.20,  23.20,0,0,0,0,0,0,0,4,0,0,0,0
 120.25,  23.20,0,0,0,0,0,0,0,5,0,0,0,0
 120.30,  23.20,0,0,0,0,0,0,0,5,0,0,0,0
 120.35,  23.20,0,0,0,0,0,0,0,5,0,0,0,0
 120.40,  23.20,0,0,0,0,0,0,1,5,0,0,0,0
 120.45,  23.20,0,0,0,0,1,0,1,5,0,0,0,0
 120.50,  23.20,0,0,0,0,3,0,1,5,0,0,0,0
 120.55,  23.20,0,0,0,0,2,0,1,5,0,0,0,0
 120.60,  23.20,0,0,0,1,3,0,1,6,0,0,0,0
 120.65,  23.20,0,0,0,1,3,0,1,6,0,0,0,0
 120.70,  23.20,0,0,0,1,3,0,1,5,0,0,0,0
 120.75,  23.20,0,0,0,1,3,0,1,5,1,0,0,0
 120.80,  23.20,0,0,0,1,2,0,1,5,1,0,0,0
 120.85,  23.20,0,0,0,1,2,0,1,5,2,0,0,0
 120.90,  23.20,0,0,0,2,2,0,1,4,2,0,0,1
 120.10,  23.25,0,0,0,0,0,0,0,4,0,0,0,0
 120.15,  23.25,0,0,0,0,0,0,0,4,0,0,0,0
 120.20,  23.25,0,0,0,0,0,0,0,5,0,0,0,0
 120.25,  23.25,0,0,0,1,0,0,0,5,0,0,0,0
 120.30,  23.25,0,0,0,1,0,0,0,5,0,0,0,0
 120.35,  23.25,0,0,0,1,0,0,0,5,0,0,0,0
 120.40,  23.25,0,0,0,0,0,0,1,5,0,0,0,0
 120.45,  23.25,0,0,0,0,1,0,1,5,0,0,0,0
 120.50,  23.25,0,0,0,0,1,0,1,5,0,0,0,0
 120.55,  23.25,0,0,0,1,1,0,1,5,0,0,0,0
 120.60,  23.25,0,0,0,1,1,0,1,5,0,0,0,0
 120.65,  23.25,0,0,0,1,2,0,1,5,0,0,0,0
 120.70,  23.25,0,0,0,1,2,0,1,5,0,0,0,0
 120.75,  23.25,0,0,0,1,2,0,1,5,1,0,0,0
 120.80,  23.25,0,0,0,1,2,0,1,5,1,0,0,0
 120.85,  23.25,0,0,0,1,2,0,1,5,2,0,0,0
 120.90,  23.25,0,0,0,2,3,0,1,5,2,0,0,1
 120.95,  23.25,0,0,0,1,2,0,1,3,2,0,0,0
 120.10,  23.30,0,0,0,0,0,0,0,5,0,0,0,0
 120.15,  23.30,0,0,0,0,0,0,0,5,0,0,0,0
 120.20,  23.30,0,0,0,0,0,0,0,5,0,0,0,0
 120.25,  23.30,0,0,0,0,0,0,0,5,0,0,0,0
 120.30,  23.30,0,0,0,0,0,0,0,5,0,0,0,0
 120.35,  23.30,0,0,0,1,0,0,0,5,0,0,0,0
 120.40,  23.30,0,0,0,1,0,0,1,5,0,0,0,0
 120.45,  23.30,0,0,0,0,0,0,1,5,0,0,0,0
 120.50,  23.30,0,0,0,0,1,0,1,5,0,0,0,0
 120.55,  23.30,0,0,0,0,0,0,1,5,0,0,0,0
 120.65,  23.30,0,0,0,1,1,0,1,5,0,0,0,0
 120.70,  23.30,0,0,0,1,2,0,1,5,1,0,0,0
 120.75,  23.30,0,0,0,1,2,0,1,5,0,0,0,0
 120.80,  23.30,0,0,0,1,3,0,1,5,1,0,0,0
 120.85,  23.30,0,0,0,1,3,0,1,5,1,0,0,0
 120.90,  23.30,0,0,0,1,2,0,1,5,2,0,0,0
 120.95,  23.30,0,0,0,1,2,0,1,2,2,0,0,0
 121.00,  23.30,0,0,0,0,1,0,1,0,2,0,0,0
 121.05,  23.30,0,0,0,0,0,0,0,0,2,0,0,0
 120.10,  23.35,-99.9,-99.9,-99.9,-99.9,-99.9,-99.9,-99.9,-99.9,-99.9,-99.9,-99.9,-99.9
 120.15,  23.35,0,0,0,0,0,0,0,5,0,0,0,0
 120.25,  23.35,0,0,0,0,0,0,0,5,0,0,0,0
 120.30,  23.35,0,0,0,0,0,0,0,5,0,0,0,0
 120.35,  23.35,0,0,0,0,0,0,0,5,0,0,0,0
 120.40,  23.35,0,0,0,1,0,0,1,5,0,0,0,0
 120.45,  23.35,0,0,0,0,0,0,1,5,0,0,0,0
 120.50,  23.35,0,0,0,0,0,0,1,5,1,0,0,0
 120.55,  23.35,0,0,0,0,0,0,1,5,1,0,0,0
 120.75,  23.35,0,0,0,1,2,0,1,5,1,0,0,0
 120.80,  23.35,0,0,0,1,3,0,1,5,0,0,0,0
 120.85,  23.35,0,0,0,1,3,0,1,5,1,0,0,0
 120.90,  23.35,0,0,0,1,3,0,1,4,2,0,0,0
 120.95,  23.35,0,0,0,1,2,0,1,4,2,0,0,0
 121.00,  23.35,0,0,0,0,1,0,1,0,2,0,0,0
 121.05,  23.35,0,0,0,0,0,0,0,0,2,0,0,0
 120.30,  23.40,0,0,0,0,0,0,0,5,0,0,0,0
 120.35,  23.40,0,0,0,0,0,0,0,5,0,0,0,0
 120.40,  23.40,0,0,0,1,0,0,1,5,0,0,0,0
 120.45,  23.40,0,0,0,0,0,0,1,5,0,0,0,0
 120.50,  23.40,0,0,0,0,0,0,1,5,1,0,0,0
 120.85,  23.40,0,0,0,1,3,0,1,4,1,0,0,0
 120.90,  23.40,0,0,0,1,3,0,1,4,1,0,0,0
 120.95,  23.40,0,0,0,1,2,0,1,4,2,0,0,0
 121.00,  23.40,0,0,0,0,0,0,1,1,2,0,0,0
 121.05,  23.40,0,0,0,0,0,0,0,0,2,0,0,0
 120.85,  23.45,0,0,0,1,3,0,1,4,1,0,0,0
 120.90,  23.45,0,0,0,1,3,0,2,4,1,0,0,0
 120.95,  23.45,0,0,0,1,3,0,2,4,2,0,0,1
 121.00,  23.45,0,0,0,0,0,0,1,3,2,0,0,0
 121.60,  21.40,-99.9,-99.9,-99.9,-99.9,-99.9,-99.9,-99.9,-99.9,-99.9,-99.9,-99.9,-99.9
 121.55,  22.00,0,1,0,0,0,0,1,0,2,0,0,2
 121.60,  22.00,-99.9,-99.9,-99.9,-99.9,-99.9,-99.9,-99.9,-99.9,-99.9,-99.9,-99.9,-99.9
 121.50,  22.05,-99.9,-99.9,-99.9,-99.9,-99.9,-99.9,-99.9,-99.9,-99.9,-99.9,-99.9,-99.9
 121.55,  22.05,0,1,0,0,0,0,1,1,1,0,0,1
 121.60,  22.05,-99.9,-99.9,-99.9,-99.9,-99.9,-99.9,-99.9,-99.9,-99.9,-99.9,-99.9,-99.9
 121.50,  22.10,-99.9,-99.9,-99.9,-99.9,-99.9,-99.9,-99.9,-99.9,-99.9,-99.9,-99.9,-99.9
 121.55,  22.10,-99.9,-99.9,-99.9,-99.9,-99.9,-99.9,-99.9,-99.9,-99.9,-99.9,-99.9,-99.9
 120.80,  22.25,0,0,0,0,1,1,1,2,2,0,1,0
 120.85,  22.25,0,0,0,0,0,4,1,3,2,0,1,0
 120.90,  22.25,0,0,0,0,0,3,1,3,1,0,1,0
 120.80,  22.30,0,0,0,0,0,1,1,3,2,0,1,0
 120.85,  22.30,0,0,0,0,0,4,1,2,2,0,1,0
 120.90,  22.30,-99.9,-99.9,-99.9,-99.9,-99.9,-99.9,-99.9,-99.9,-99.9,-99.9,-99.9,-99.9
 120.75,  22.35,0,0,0,0,1,1,0,4,2,0,0,0
 120.80,  22.35,0,0,0,0,0,3,1,3,2,0,1,0
 120.85,  22.35,0,0,0,0,0,4,1,2,2,0,1,0
 120.90,  22.35,-99.9,-99.9,-99.9,-99.9,-99.9,-99.9,-99.9,-99.9,-99.9,-99.9,-99.9,-99.9
 120.75,  22.40,0,0,0,0,1,1,0,6,2,0,0,0
 120.80,  22.40,0,0,0,0,0,4,0,5,2,0,1,0
 120.85,  22.40,0,0,0,0,0,4,1,3,2,0,1,0
 120.90,  22.40,0,0,0,0,0,4,1,1,1,0,1,0
 120.95,  22.40,-99.9,-99.9,-99.9,-99.9,-99.9,-99.9,-99.9,-99.9,-99.9,-99.9,-99.9,-99.9
 120.75,  22.45,0,0,0,0,0,0,0,6,2,0,0,0
 120.80,  22.45,0,0,0,0,0,2,0,3,2,0,0,0
 120.85,  22.45,0,0,0,0,0,4,1,2,2,0,1,0
 120.90,  22.45,0,0,0,0,0,4,1,0,2,0,1,0
 120.95,  22.45,-99.9,-99.9,-99.9,-99.9,-99.9,-99.9,-99.9,-99.9,-99.9,-99.9,-99.9,-99.9
 120.75,  22.50,0,0,0,0,0,0,0,5,2,0,0,0
 120.80,  22.50,0,0,0,0,0,0,0,3,2,0,0,0
 120.85,  22.50,0,0,0,0,0,3,1,1,2,0,0,0
 120.90,  22.50,0,0,0,0,0,4,1,0,2,0,1,0
 120.95,  22.50,-99.9,-99.9,-99.9,-99.9,-99.9,-99.9,-99.9,-99.9,-99.9,-99.9,-99.9,-99.9
 120.75,  22.55,0,0,0,0,1,0,0,5,2,0,0,0
 120.80,  22.55,0,0,0,0,0,0,0,3,2,0,0,0
 120.85,  22.55,0,0,0,0,0,1,1,2,2,0,0,0
 120.90,  22.55,0,0,0,0,0,3,1,0,2,0,1,0
 120.95,  22.55,0,0,0,0,0,4,1,0,2,0,1,0
 121.00,  22.55,-99.9,-99.9,-99.9,-99.9,-99.9,-99.9,-99.9,-99.9,-99.9,-99.9,-99.9,-99.9
 120.75,  22.60,0,0,0,0,2,0,0,6,2,0,0,0
 120.80,  22.60,0,0,0,0,1,0,0,3,2,0,0,0
 120.85,  22.60,0,0,0,0,0,0,1,2,2,0,0,0
 120.90,  22.60,0,0,0,0,0,2,1,0,2,0,1,0
 120.95,  22.60,0,0,0,0,0,3,1,0,2,0,1,0
 121.00,  22.60,0,0,0,0,1,4,1,0,1,0,0,0
 120.75,  22.65,0,0,0,0,2,0,1,6,2,0,0,0
 120.80,  22.65,0,0,0,0,2,0,1,5,2,0,0,0
 120.85,  22.65,0,0,0,0,1,0,0,3,2,0,0,0
 120.90,  22.65,0,0,0,0,0,1,1,2,2,0,0,0
 120.95,  22.65,0,0,0,0,0,3,1,0,2,0,1,0
 121.00,  22.65,0,0,0,0,1,3,1,0,1,0,0,0
 121.05,  22.65,-99.9,-99.9,-99.9,-99.9,-99.9,-99.9,-99.9,-99.9,-99.9,-99.9,-99.9,-99.9
 121.45,  22.65,-99.9,-99.9,-99.9,-99.9,-99.9,-99.9,-99.9,-99.9,-99.9,-99.9,-99.9,-99.9
 121.50,  22.65,0,0,0,0,0,1,0,0,1,0,0,0
 120.80,  22.70,0,0,0,0,2,0,1,6,2,0,0,0
 120.85,  22.70,0,0,0,0,2,0,0,5,2,0,0,0
 120.90,  22.70,0,0,0,0,2,0,0,4,2,0,0,0
 120.95,  22.70,0,0,0,0,1,3,1,3,2,0,0,0
 121.00,  22.70,0,0,0,0,0,3,1,0,2,0,0,0
 121.05,  22.70,0,0,0,0,1,1,0,0,1,0,1,0
 121.10,  22.70,0,0,0,0,1,1,0,0,1,0,1,0
 121.15,  22.70,-99.9,-99.9,-99.9,-99.9,-99.9,-99.9,-99.9,-99.9,-99.9,-99.9,-99.9,-99.9
 121.45,  22.70,-99.9,-99.9,-99.9,-99.9,-99.9,-99.9,-99.9,-99.9,-99.9,-99.9,-99.9,-99.9
 121.50,  22.70,-99.9,-99.9,-99.9,-99.9,-99.9,-99.9,-99.9,-99.9,-99.9,-99.9,-99.9,-99.9
 120.90,  22.75,0,0,0,0,2,0,0,4,2,0,0,0
 120.95,  22.75,0,0,0,0,1,1,0,2,2,0,0,0
 121.00,  22.75,0,0,0,0,0,1,0,0,2,0,0,0
 121.05,  22.75,0,0,0,0,1,1,1,0,1,0,1,0
 121.10,  22.75,0,0,0,0,1,1,1,0,1,0,1,0
 121.15,  22.75,0,0,0,0,1,1,0,0,1,0,1,0
 121.20,  22.75,-99.9,-99.9,-99.9,-99.9,-99.9,-99.9,-99.9,-99.9,-99.9,-99.9,-99.9,-99.9
 120.85,  22.80,0,0,0,0,2,0,1,5,2,0,0,0
 120.90,  22.80,0,0,0,0,1,0,0,2,2,0,0,0
 120.95,  22.80,0,0,0,0,0,0,0,0,2,0,0,0
 121.00,  22.80,0,0,0,0,0,0,0,0,2,0,1,0
 121.05,  22.80,0,0,0,0,0,1,0,0,2,0,1,0
 121.10,  22.80,0,0,0,0,1,1,0,0,1,0,1,0
 121.15,  22.80,0,0,0,0,1,2,0,0,1,0,1,0
 121.20,  22.80,-99.9,-99.9,-99.9,-99.9,-99.9,-99.9,-99.9,-99.9,-99.9,-99.9,-99.9,-99.9
 120.85,  22.85,0,0,0,0,2,0,1,2,2,0,0,0
 120.90,  22.85,0,0,0,0,1,0,0,2,2,0,0,0
 120.95,  22.85,0,0,0,0,0,0,0,0,2,0,0,0
 121.00,  22.85,0,0,0,0,0,0,0,0,2,0,1,0
 121.05,  22.85,0,0,0,0,0,0,0,0,2,0,1,0
 121.10,  22.85,0,0,0,0,0,1,0,0,2,0,1,0
 121.15,  22.85,0,0,0,0,1,2,0,0,2,0,1,0
 121.20,  22.85,0,0,0,0,1,2,0,0,2,0,1,0
 121.25,  22.85,-99.9,-99.9,-99.9,-99.9,-99.9,-99.9,-99.9,-99.9,-99.9,-99.9,-99.9,-99.9
 120.85,  22.90,0,0,0,0,1,0,1,2,2,0,0,0
 120.90,  22.90,0,0,0,0,1,0,0,0,2,0,0,0
 120.95,  22.90,0,0,0,0,0,0,0,0,2,0,0,0
 121.00,  22.90,0,0,0,0,0,0,0,0,2,0,1,0
 121.05,  22.90,0,0,0,0,0,0,0,0,2,0,1,0
 121.10,  22.90,0,0,0,0,0,1,0,0,2,0,1,0
 121.15,  22.90,0,0,0,0,0,1,0,0,2,0,1,0
 121.20,  22.90,0,0,0,0,1,2,0,0,2,0,1,0
 121.25,  22.90,0,0,0,0,1,3,0,0,2,0,1,0
 120.80,  22.95,0,0,0,0,2,0,1,5,1,0,0,0
 120.85,  22.95,0,0,0,0,1,0,1,2,1,0,0,0
 120.90,  22.95,0,0,0,0,0,0,0,0,2,0,0,0
 120.95,  22.95,0,0,0,0,0,0,1,0,2,0,0,0
 121.00,  22.95,0,0,0,0,0,0,1,0,2,0,0,0
 121.05,  22.95,0,0,0,0,0,0,0,0,2,0,0,0
 121.10,  22.95,0,0,0,0,0,1,0,0,2,0,1,0
 121.15,  22.95,0,0,0,0,0,1,0,0,2,0,1,0
 121.20,  22.95,0,0,0,0,0,1,0,0,2,0,1,0
 121.25,  22.95,0,0,0,0,1,2,0,0,2,0,1,0
 121.30,  22.95,0,0,0,0,1,2,0,0,2,0,1,0
 120.85,  23.00,0,0,0,0,1,0,1,2,1,0,0,0
 120.90,  23.00,0,0,0,0,1,0,1,0,2,0,0,0
 120.95,  23.00,0,0,0,0,0,0,1,0,2,0,0,0
 121.00,  23.00,0,0,0,0,0,0,1,0,2,0,0,0
 121.05,  23.00,0,0,0,0,0,0,0,0,2,0,0,0
 121.10,  23.00,0,0,0,0,0,1,0,0,2,0,0,0
 121.15,  23.00,0,0,0,0,0,1,0,0,2,0,0,0
 121.20,  23.00,0,0,0,0,0,1,0,0,2,0,0,0
 121.25,  23.00,0,0,0,0,0,2,0,0,2,0,1,0
 121.30,  23.00,0,0,0,0,1,2,0,0,2,0,1,0
 121.35,  23.00,-99.9,-99.9,-99.9,-99.9,-99.9,-99.9,-99.9,-99.9,-99.9,-99.9,-99.9,-99.9
 120.85,  23.05,0,0,0,0,1,0,1,4,2,0,0,0
 120.90,  23.05,0,0,0,0,1,0,1,1,2,0,0,0
 120.95,  23.05,0,0,0,0,1,0,1,0,2,0,0,0
 121.00,  23.05,0,0,0,0,0,0,1,0,2,0,0,0
 121.05,  23.05,0,0,0,0,0,0,0,0,2,0,0,0
 121.10,  23.05,0,0,0,0,0,0,0,0,2,0,0,0
 121.15,  23.05,0,0,0,0,0,1,0,0,2,0,0,0
 121.20,  23.05,0,0,0,0,0,1,0,0,2,0,0,0
 121.25,  23.05,0,0,0,0,0,1,0,0,2,0,1,0
 121.30,  23.05,0,0,0,0,0,2,0,0,2,0,1,0
 121.35,  23.05,-99.9,-99.9,-99.9,-99.9,-99.9,-99.9,-99.9,-99.9,-99.9,-99.9,-99.9,-99.9
 120.90,  23.10,0,0,0,1,1,0,1,2,2,0,0,0
 120.95,  23.10,0,0,0,0,1,0,1,0,2,0,0,0
 121.00,  23.10,0,0,0,0,0,0,1,0,2,0,0,0
 121.05,  23.10,0,0,0,0,0,0,0,0,2,0,0,0
 121.10,  23.10,0,0,0,0,0,0,0,0,2,0,0,0
 121.15,  23.10,0,0,0,0,0,1,0,0,2,0,0,0
 121.20,  23.10,0,0,0,0,0,1,0,0,2,0,0,0
 121.25,  23.10,0,0,0,0,0,1,0,0,2,0,1,0
 121.30,  23.10,0,0,0,0,0,1,0,0,2,0,1,0
 121.35,  23.10,0,0,0,0,1,1,0,0,2,0,1,0
 121.40,  23.10,0,0,0,0,1,2,0,0,2,0,1,0
 120.90,  23.15,0,0,0,1,2,0,1,2,2,0,0,0
 120.95,  23.15,0,0,0,0,1,0,1,0,2,0,0,0
 121.00,  23.15,0,0,0,0,0,0,1,0,2,0,0,0
 121.05,  23.15,0,0,0,0,0,0,0,0,2,0,0,0
 121.10,  23.15,0,0,0,0,0,0,0,0,2,0,0,0
 121.15,  23.15,0,0,0,0,0,1,0,0,2,0,0,0
 121.20,  23.15,0,0,0,0,0,1,0,0,2,0,0,0
 121.25,  23.15,0,0,0,0,0,1,0,0,2,0,0,0
 121.30,  23.15,0,0,0,0,0,1,0,0,2,0,1,0
 121.35,  23.15,0,0,0,0,1,1,0,0,2,0,1,0
 121.40,  23.15,0,0,0,0,1,2,0,0,2,0,1,0
 120.90,  23.20,0,0,0,2,2,0,1,4,2,0,0,1
 120.95,  23.20,0,0,0,1,2,0,1,1,2,0,0,0
 121.00,  23.20,0,0,0,0,0,0,1,0,2,0,0,0
 121.05,  23.20,0,0,0,0,0,0,0,0,2,0,0,0
 121.10,  23.20,0,0,0,0,0,0,0,0,2,0,0,0
 121.15,  23.20,0,0,0,0,0,1,0,0,2,0,0,0
 121.20,  23.20,0,0,0,0,0,1,0,0,2,0,0,0
 121.25,  23.20,0,0,0,0,0,1,0,0,2,0,0,0
 121.30,  23.20,0,0,0,0,0,1,0,0,2,0,0,0
 121.35,  23.20,0,0,0,0,0,1,0,0,2,0,1,0
 121.40,  23.20,-99.9,-99.9,-99.9,-99.9,-99.9,-99.9,-99.9,-99.9,-99.9,-99.9,-99.9,-99.9
 120.90,  23.25,0,0,0,2,3,0,1,5,2,0,0,1
 120.95,  23.25,0,0,0,1,2,0,1,3,2,0,0,0
 121.00,  23.25,0,0,0,1,1,0,1,0,2,0,0,0
 121.05,  23.25,0,0,0,0,0,0,0,0,2,0,0,0
 121.10,  23.25,0,0,0,0,0,0,0,0,2,0,0,0
 121.15,  23.25,0,0,0,0,0,0,0,0,2,0,0,0
 121.20,  23.25,0,0,0,0,0,0,0,0,2,0,0,0
 121.25,  23.25,0,0,0,0,0,0,0,0,2,0,0,0
 121.30,  23.25,0,0,0,0,0,1,0,0,2,0,1,0
 121.35,  23.25,0,0,0,0,0,1,0,0,2,0,1,0
 121.40,  23.25,0,0,0,0,0,1,0,0,2,0,1,0
 121.45,  23.25,-99.9,-99.9,-99.9,-99.9,-99.9,-99.9,-99.9,-99.9,-99.9,-99.9,-99.9,-99.9
 120.95,  23.30,0,0,0,1,2,0,1,2,2,0,0,0
 121.00,  23.30,0,0,0,0,1,0,1,0,2,0,0,0
 121.05,  23.30,0,0,0,0,0,0,0,0,2,0,0,0
 121.10,  23.30,0,0,0,0,0,0,0,0,2,0,0,0
 121.15,  23.30,0,0,0,0,0,0,0,0,2,0,0,0
 121.20,  23.30,0,0,0,0,0,0,0,0,2,0,0,0
 121.25,  23.30,0,0,0,0,0,0,0,0,2,0,0,0
 121.30,  23.30,0,0,0,0,0,1,0,0,2,0,1,0
 121.35,  23.30,0,0,0,0,0,1,0,0,2,0,1,0
 121.40,  23.30,0,0,0,0,0,1,0,0,2,0,1,0
 121.45,  23.30,0,0,0,0,0,0,0,0,2,0,1,0
 121.00,  23.35,0,0,0,0,1,0,1,0,2,0,0,0
 121.05,  23.35,0,0,0,0,0,0,0,0,2,0,0,0
 121.10,  23.35,0,0,0,0,0,0,0,0,2,0,0,0
 121.15,  23.35,0,0,0,0,0,0,0,0,2,0,0,0
 121.20,  23.35,0,0,0,0,0,0,0,0,2,0,0,0
 121.25,  23.35,0,0,0,0,0,0,0,0,2,0,0,0
 121.30,  23.35,0,0,0,0,0,0,0,0,2,0,1,0
 121.35,  23.35,0,0,0,0,0,0,0,0,2,0,1,0
 121.40,  23.35,0,0,0,0,0,0,0,0,2,0,1,0
 121.45,  23.35,0,0,0,0,0,0,0,0,2,0,1,0
 121.00,  23.40,0,0,0,0,0,0,1,1,2,0,0,0
 121.05,  23.40,0,0,0,0,0,0,0,0,2,0,0,0
 121.10,  23.40,0,0,0,0,0,0,0,0,2,0,0,0
 121.15,  23.40,0,0,0,0,0,0,0,0,2,0,0,0
 121.20,  23.40,0,0,0,0,0,0,0,0,2,0,0,0
 121.25,  23.40,0,0,0,0,0,0,0,0,2,0,0,0
 121.30,  23.40,0,0,0,0,0,0,0,0,2,0,0,0
 121.35,  23.40,0,0,0,0,0,0,0,0,2,0,1,0
 121.40,  23.40,0,0,0,0,0,0,0,0,2,0,1,0
 121.45,  23.40,0,0,0,0,0,0,0,0,2,0,1,0
 121.50,  23.40,-99.9,-99.9,-99.9,-99.9,-99.9,-99.9,-99.9,-99.9,-99.9,-99.9,-99.9,-99.9
 121.00,  23.45,0,0,0,0,0,0,1,3,2,0,0,0
 121.05,  23.45,0,0,0,0,0,0,1,1,2,0,0,0
 121.10,  23.45,0,0,0,0,0,0,0,0,2,0,0,0
 121.15,  23.45,0,0,0,0,0,0,0,0,2,0,0,0
 121.20,  23.45,0,0,0,0,0,0,0,0,2,0,0,0
 121.25,  23.45,0,0,0,0,0,0,0,0,2,0,0,0
 121.30,  23.45,0,0,0,0,0,0,0,0,2,0,1,0
 121.35,  23.45,0,0,0,0,0,0,0,0,2,0,1,0
 121.40,  23.45,0,0,0,0,0,0,0,0,2,0,1,0
 121.45,  23.45,0,0,0,0,0,0,0,0,2,0,1,0
 121.50,  23.45,-99.9,-99.9,-99.9,-99.9,-99.9,-99.9,-99.9,-99.9,-99.9,-99.9,-99.9,-99.9
 121.05,  23.50,0,0,0,0,0,0,1,1,2,0,0,0
 121.10,  23.50,0,0,0,0,0,0,1,1,2,0,0,0
 121.15,  23.50,0,0,0,0,0,0,0,0,2,0,0,0
 121.20,  23.50,0,0,0,0,0,0,0,0,2,0,0,0
 121.25,  23.50,0,0,0,0,0,0,0,0,2,0,0,0
 121.30,  23.50,0,0,0,0,0,0,0,0,2,0,1,0
 121.35,  23.50,0,0,0,0,0,0,0,0,2,0,1,0
 121.40,  23.50,0,0,0,0,0,0,0,0,2,0,1,0
 121.45,  23.50,0,0,0,0,2,0,0,0,2,0,1,0
 121.50,  23.50,0,0,0,0,2,0,0,0,2,0,0,0
 121.15,  23.55,0,0,0,0,0,0,1,0,2,0,0,0
 121.20,  23.55,0,0,0,0,0,0,0,0,2,0,0,0
 121.25,  23.55,0,0,0,0,0,0,0,0,3,0,0,0
 121.30,  23.55,0,0,0,0,0,0,0,0,3,0,1,0
 121.35,  23.55,0,0,0,0,0,0,0,0,2,0,1,0
 121.40,  23.55,0,0,0,0,0,0,0,0,2,0,1,0
 121.45,  23.55,0,0,0,0,2,0,0,0,2,0,1,0
 121.50,  23.55,0,0,0,0,2,0,0,0,2,0,0,0
 121.15,  23.60,0,0,0,0,0,0,1,0,2,0,0,0
 121.20,  23.60,0,0,0,0,0,0,1,0,2,0,0,0
 121.25,  23.60,0,0,0,0,0,0,0,0,2,0,0,0
 121.30,  23.60,0,0,0,0,0,0,0,0,2,0,0,0
 121.35,  23.60,0,0,0,0,0,0,0,0,3,0,1,0
 121.40,  23.60,0,0,0,0,0,0,0,0,3,0,1,0
 121.45,  23.60,0,0,0,0,1,0,0,0,3,0,0,0
 121.50,  23.60,0,0,0,0,2,0,0,0,3,0,0,0
 121.55,  23.60,-99.9,-99.9,-99.9,-99.9,-99.9,-99.9,-99.9,-99.9,-99.9,-99.9,-99.9,-99.9
 121.20,  23.65,0,0,0,0,0,0,1,0,1,0,0,0
 121.25,  23.65,0,0,0,0,0,0,0,0,2,0,0,0
 121.30,  23.65,0,0,0,0,0,0,0,0,2,0,0,0
 121.35,  23.65,0,0,0,0,0,0,0,0,3,0,0,0
 121.40,  23.65,0,0,0,0,0,0,0,0,3,0,0,0
 121.45,  23.65,0,0,0,0,0,0,0,0,3,0,0,0
 121.50,  23.65,0,0,0,0,1,0,0,0,3,0,0,0
 121.55,  23.65,-99.9,-99.9,-99.9,-99.9,-99.9,-99.9,-99.9,-99.9,-99.9,-99.9,-99.9,-99.9
 121.25,  23.70,0,0,0,0,0,0,1,0,1,0,0,0
 121.30,  23.70,0,0,0,0,0,0,0,0,2,0,0,0
 121.35,  23.70,0,0,0,0,0,0,0,0,3,0,0,0
 121.40,  23.70,0,0,0,0,0,0,0,0,3,1,0,0
 121.45,  23.70,0,0,0,0,0,0,0,0,3,1,0,0
 121.50,  23.70,0,0,0,0,1,0,0,0,3,1,0,0
 121.55,  23.70,0,0,0,0,1,0,0,0,3,0,0,0
 121.20,  23.75,0,0,0,0,0,0,1,0,1,0,0,0
 121.25,  23.75,0,0,0,0,0,0,1,0,1,0,0,0
 121.30,  23.75,0,0,0,0,0,0,0,0,2,0,0,0
 121.35,  23.75,0,0,0,0,0,0,0,0,3,1,0,0
 121.40,  23.75,0,0,0,0,0,0,0,0,3,1,0,0
 121.45,  23.75,0,0,0,0,0,0,0,0,3,1,0,0
 121.50,  23.75,0,0,0,0,1,0,0,0,3,1,0,0
 121.55,  23.75,0,0,0,0,1,0,0,0,3,0,0,0
 121.20,  23.80,0,0,0,0,0,0,1,0,1,0,0,0
 121.25,  23.80,0,0,0,0,0,0,1,0,2,0,0,0
 121.30,  23.80,0,0,0,0,0,0,0,0,2,0,0,0
 121.35,  23.80,0,0,0,0,0,0,0,0,3,0,0,0
 121.40,  23.80,0,0,0,0,0,0,0,0,3,1,0,0
 121.45,  23.80,0,0,0,0,0,0,0,0,3,1,0,0
 121.50,  23.80,0,0,0,0,1,0,0,0,3,1,0,0
 121.55,  23.80,0,0,0,0,1,0,0,0,3,1,0,0
 121.60,  23.80,-99.9,-99.9,-99.9,-99.9,-99.9,-99.9,-99.9,-99.9,-99.9,-99.9,-99.9,-99.9
 121.25,  23.85,0,0,0,0,0,0,1,0,2,0,0,0
 121.30,  23.85,0,0,0,0,0,0,0,0,2,0,0,0
 121.35,  23.85,0,0,0,0,0,0,0,0,3,0,0,0
 121.40,  23.85,0,0,0,0,0,0,0,0,4,1,0,0
 121.45,  23.85,0,0,0,0,0,0,0,0,3,1,0,0
 121.50,  23.85,0,0,0,0,0,0,0,0,3,1,0,0
 121.55,  23.85,0,0,0,0,1,0,0,0,3,1,0,0
 121.60,  23.85,-99.9,-99.9,-99.9,-99.9,-99.9,-99.9,-99.9,-99.9,-99.9,-99.9,-99.9,-99.9
 121.25,  23.90,0,0,0,0,0,0,1,0,2,0,0,0
 121.30,  23.90,0,0,0,0,0,0,1,0,2,0,0,0
 121.35,  23.90,0,0,0,0,0,0,0,0,2,0,0,0
 121.40,  23.90,0,0,0,0,0,0,0,0,4,0,0,0
 121.45,  23.90,0,0,0,0,0,0,0,0,3,1,0,0
 121.50,  23.90,0,0,0,0,0,0,0,0,3,1,0,0
 121.55,  23.90,0,0,0,0,1,0,0,0,3,1,0,0
 121.60,  23.90,0,0,0,0,1,0,0,0,3,1,0,0
 121.25,  23.95,0,0,0,1,0,0,1,0,2,0,0,0
 121.30,  23.95,0,0,0,0,0,0,1,0,2,0,0,0
 121.35,  23.95,0,0,0,0,0,0,1,0,2,0,0,0
 121.40,  23.95,0,0,0,0,0,0,0,0,3,0,0,0
 121.45,  23.95,0,0,0,0,0,0,0,0,3,1,0,0
 121.50,  23.95,0,0,0,0,0,0,0,0,3,2,0,0
 121.55,  23.95,0,0,0,0,1,0,0,0,3,1,0,0
 121.60,  23.95,0,0,0,0,1,0,0,0,3,1,0,0
 121.65,  23.95,-99.9,-99.9,-99.9,-99.9,-99.9,-99.9,-99.9,-99.9,-99.9,-99.9,-99.9,-99.9
 121.25,  24.00,0,0,0,1,0,0,1,1,1,0,0,0
 121.30,  24.00,0,0,0,0,0,0,1,0,2,0,0,0
 121.35,  24.00,0,0,0,0,0,0,1,0,2,0,0,0
 121.40,  24.00,0,0,0,0,0,0,1,0,2,0,0,0
 121.45,  24.00,0,0,0,0,0,0,0,0,3,1,0,0
 121.50,  24.00,0,0,0,0,0,0,0,0,3,1,0,0
 121.55,  24.00,0,0,0,0,1,0,0,0,3,2,0,0
 121.60,  24.00,0,0,0,0,1,0,0,0,3,1,0,0
 121.65,  24.00,0,0,0,0,1,0,0,0,3,1,0,0
 121.30,  24.05,0,0,0,1,0,0,1,0,2,0,0,0
 121.35,  24.05,0,0,0,0,0,0,1,0,2,0,0,0
 121.40,  24.05,0,0,0,0,0,0,1,0,2,0,0,0
 121.45,  24.05,0,0,0,0,0,0,0,0,2,0,0,0
 121.50,  24.05,0,0,0,0,0,0,0,0,3,1,0,0
 121.55,  24.05,0,0,0,0,0,0,0,0,3,1,0,0
 121.60,  24.05,0,0,0,0,1,0,0,0,3,1,0,0
 121.65,  24.05,-99.9,-99.9,-99.9,-99.9,-99.9,-99.9,-99.9,-99.9,-99.9,-99.9,-99.9,-99.9
 121.30,  24.10,0,0,0,0,0,0,1,0,2,0,0,0
 121.35,  24.10,0,0,0,0,0,0,1,0,2,0,0,0
 121.40,  24.10,0,0,0,0,0,0,1,0,2,0,0,0
 121.45,  24.10,0,0,0,0,0,0,1,0,2,0,0,0
 121.50,  24.10,0,0,0,0,0,0,0,0,2,1,0,0
 121.55,  24.10,0,0,0,0,0,0,0,0,3,1,0,0
 121.60,  24.10,0,0,0,0,1,0,0,0,3,2,0,0
 121.65,  24.10,0,0,0,0,1,0,0,0,3,1,0,0
 121.30,  24.15,0,0,0,1,0,0,1,0,2,0,0,0
 121.35,  24.15,0,0,0,0,0,0,1,0,2,0,0,0
 121.40,  24.15,0,0,0,0,0,0,1,0,2,0,0,0
 121.45,  24.15,0,0,0,0,0,0,0,0,2,0,0,0
 121.50,  24.15,0,0,0,0,0,0,0,0,2,1,0,0
 121.55,  24.15,0,0,0,0,0,0,0,0,3,1,0,0
 121.60,  24.15,0,0,0,0,0,0,0,0,3,2,0,0
 121.65,  24.15,0,0,0,0,1,0,0,0,3,1,0,0
 121.30,  24.20,0,0,0,1,0,0,1,1,1,0,0,0
 121.35,  24.20,0,0,0,1,0,0,1,0,2,0,0,0
 121.40,  24.20,0,0,0,0,0,0,1,0,2,0,0,0
 121.45,  24.20,0,0,0,0,0,0,1,0,2,0,0,0
 121.50,  24.20,0,0,0,0,0,0,0,0,2,1,0,0
 121.55,  24.20,0,0,0,0,0,0,0,0,2,1,0,0
 121.60,  24.20,0,0,0,0,0,0,0,0,3,1,0,0
 121.65,  24.20,0,0,0,0,1,0,0,0,2,1,0,0
 121.70,  24.20,-99.9,-99.9,-99.9,-99.9,-99.9,-99.9,-99.9,-99.9,-99.9,-99.9,-99.9,-99.9
 121.35,  24.25,0,0,0,1,0,0,1,0,2,0,0,0
 121.40,  24.25,0,0,0,0,0,0,1,0,2,0,0,0
 121.45,  24.25,0,0,0,0,0,0,1,0,2,0,0,0
 121.50,  24.25,0,0,0,0,0,0,1,0,2,0,0,0
 121.55,  24.25,0,0,0,0,0,0,1,0,2,0,0,0
 121.60,  24.25,0,0,0,0,0,0,0,0,2,1,0,0
 121.65,  24.25,0,0,0,0,0,0,0,0,2,1,0,0
 121.70,  24.25,0,0,0,0,1,0,0,0,2,1,0,0
 121.75,  24.25,-99.9,-99.9,-99.9,-99.9,-99.9,-99.9,-99.9,-99.9,-99.9,-99.9,-99.9,-99.9
 121.40,  24.30,0,0,0,0,0,0,1,1,1,0,0,0
 121.45,  24.30,0,0,0,0,0,0,1,1,2,0,0,0
 121.50,  24.30,0,0,0,0,0,0,1,1,2,0,0,0
 121.55,  24.30,0,0,0,0,0,0,1,1,2,0,0,0
 121.60,  24.30,0,0,0,0,0,0,2,1,3,0,0,0
 121.65,  24.30,0,0,0,0,0,0,1,1,2,1,0,0
 121.70,  24.30,0,0,0,0,0,0,0,0,2,1,0,0
 121.75,  24.30,0,0,0,0,1,0,0,0,2,1,1,1
 121.35,  24.35,0,0,0,0,0,0,1,1,1,0,0,0
 121.40,  24.35,0,0,0,0,0,0,1,1,1,0,0,0
 121.45,  24.35,0,0,0,0,0,0,1,1,2,0,0,0
 121.50,  24.35,0,0,0,0,0,0,1,1,2,0,0,0
 121.55,  24.35,0,0,0,0,0,0,2,1,2,0,0,0
 121.60,  24.35,0,0,0,0,0,0,1,1,2,0,0,0
 121.65,  24.35,0,0,0,0,0,0,0,0,2,1,0,0
 121.70,  24.35,0,0,0,0,0,0,0,0,2,1,0,0
 121.75,  24.35,0,0,0,0,1,0,0,0,2,1,1,1
 121.80,  24.35,-99.9,-99.9,-99.9,-99.9,-99.9,-99.9,-99.9,-99.9,-99.9,-99.9,-99.9,-99.9
 121.30,  24.40,0,0,0,0,0,0,1,1,1,0,0,0
 121.35,  24.40,0,0,0,0,0,0,1,1,1,0,0,0
 121.40,  24.40,0,0,0,0,0,0,1,1,1,0,0,0
 121.45,  24.40,0,0,0,0,0,0,1,1,1,0,0,0
 121.50,  24.40,0,0,0,0,0,0,1,1,2,0,0,0
 121.55,  24.40,0,0,0,0,0,0,2,1,2,0,0,0
 121.60,  24.40,0,0,0,0,0,0,1,1,2,0,0,0
 121.65,  24.40,0,0,0,0,0,0,0,1,2,1,0,0
 121.70,  24.40,0,0,0,0,0,0,0,1,2,1,0,0
 121.75,  24.40,0,0,0,0,0,0,0,0,2,1,0,1
 121.80,  24.40,-99.9,-99.9,-99.9,-99.9,-99.9,-99.9,-99.9,-99.9,-99.9,-99.9,-99.9,-99.9
 121.30,  24.45,0,0,0,0,0,0,1,1,1,1,0,0
 121.35,  24.45,0,0,0,0,0,0,1,1,1,1,0,0
 121.40,  24.45,0,0,0,0,0,0,1,1,1,1,0,0
 121.45,  24.45,0,0,0,0,0,0,1,1,1,0,0,0
 121.50,  24.45,0,0,0,0,0,0,2,1,2,0,0,0
 121.55,  24.45,0,0,0,0,0,0,2,1,2,0,0,0
 121.60,  24.45,0,0,0,0,0,0,2,1,2,0,0,0
 121.65,  24.45,0,0,0,0,0,0,1,1,2,0,0,0
 121.70,  24.45,0,0,0,0,0,0,0,2,2,0,0,0
 121.75,  24.45,0,0,0,0,0,0,0,2,1,0,0,0
 121.80,  24.45,0,0,0,0,0,0,1,2,0,0,1,1
 121.85,  24.45,-99.9,-99.9,-99.9,-99.9,-99.9,-99.9,-99.9,-99.9,-99.9,-99.9,-99.9,-99.9
 121.35,  24.50,0,0,0,0,0,0,1,1,1,1,0,0
 121.40,  24.50,0,0,0,0,0,0,1,1,1,1,0,0
 121.45,  24.50,0,0,0,0,0,0,1,1,1,1,0,0
 121.50,  24.50,0,0,0,0,0,0,2,1,3,0,0,0
 121.55,  24.50,0,0,0,0,0,0,2,1,3,0,0,0
 121.60,  24.50,0,0,0,0,0,0,2,2,2,0,0,0
 121.65,  24.50,0,0,0,0,0,0,2,2,2,0,0,0
 121.70,  24.50,0,0,0,0,0,0,1,2,2,1,0,0
 121.75,  24.50,0,0,0,0,0,0,1,2,1,0,0,0
 121.80,  24.50,0,0,0,0,0,0,1,1,0,0,2,1
 121.85,  24.50,-99.9,-99.9,-99.9,-99.9,-99.9,-99.9,-99.9,-99.9,-99.9,-99.9,-99.9,-99.9
 121.40,  24.55,0,0,0,0,0,0,1,1,2,1,0,0
 121.45,  24.55,0,0,0,0,0,0,1,1,1,1,0,0
 121.50,  24.55,0,0,0,0,0,0,2,2,1,0,0,0
 121.55,  24.55,0,0,0,0,0,0,2,2,3,0,0,0
 121.60,  24.55,0,0,0,0,0,0,2,2,3,0,0,0
 121.65,  24.55,0,0,0,0,0,0,2,2,4,1,0,0
 121.70,  24.55,0,0,0,0,0,0,1,2,2,1,0,0
 121.75,  24.55,0,0,0,0,0,0,1,2,1,0,0,0
 121.80,  24.55,0,0,0,0,0,0,1,2,0,0,2,1
 121.85,  24.55,1,1,0,0,0,0,0,2,0,0,2,1
 121.40,  24.60,0,0,0,0,0,0,1,1,1,1,0,0
 121.45,  24.60,0,0,0,0,0,0,1,1,1,1,0,0
 121.50,  24.60,0,0,0,0,0,0,1,2,2,1,0,0
 121.55,  24.60,0,0,0,0,0,0,0,2,2,0,0,0
 121.60,  24.60,0,0,0,0,0,0,1,2,2,0,0,0
 121.65,  24.60,0,0,0,0,0,0,1,2,2,0,0,0
 121.70,  24.60,0,0,0,0,0,0,0,2,1,0,0,0
 121.75,  24.60,0,0,0,0,0,0,0,2,0,0,1,1
 121.80,  24.60,0,0,0,0,0,0,1,2,0,0,2,1
 121.85,  24.60,2,1,0,0,0,0,1,2,0,0,4,3
 121.90,  24.60,-99.9,-99.9,-99.9,-99.9,-99.9,-99.9,-99.9,-99.9,-99.9,-99.9,-99.9,-99.9
 121.45,  24.65,0,0,0,0,0,0,1,1,2,1,0,0
 121.50,  24.65,0,0,0,0,0,0,1,2,2,2,0,0
 121.55,  24.65,0,0,0,0,0,0,0,2,2,0,0,0
 121.60,  24.65,0,0,0,0,0,0,0,2,2,0,0,0
 121.65,  24.65,0,0,0,0,0,0,0,2,0,0,0,0
 121.70,  24.65,0,0,0,0,0,0,0,2,0,0,1,0
 121.75,  24.65,0,0,0,0,0,0,0,2,0,0,1,1
 121.80,  24.65,1,0,0,0,0,0,0,2,1,0,2,1
 121.85,  24.65,-99.9,-99.9,-99.9,-99.9,-99.9,-99.9,-99.9,-99.9,-99.9,-99.9,-99.9,-99.9
 121.50,  24.70,0,0,0,0,0,0,0,1,2,1,0,0
 121.55,  24.70,0,0,0,0,0,0,0,2,2,1,0,0
 121.60,  24.70,0,0,0,0,0,0,2,2,1,0,0,1
 121.65,  24.70,0,0,0,0,0,0,0,2,1,0,0,1
 121.70,  24.70,0,0,0,0,0,0,0,2,1,0,0,1
 121.75,  24.70,0,0,0,0,0,0,0,2,1,0,1,1
 121.80,  24.70,1,0,0,0,0,0,0,2,1,0,1,1
 121.85,  24.70,-99.9,-99.9,-99.9,-99.9,-99.9,-99.9,-99.9,-99.9,-99.9,-99.9,-99.9,-99.9
 121.60,  24.75,0,0,0,0,0,0,1,2,1,1,0,1
 121.65,  24.75,0,0,0,0,0,0,2,2,1,0,0,1
 121.70,  24.75,0,0,0,0,0,0,1,2,1,0,1,1
 121.75,  24.75,0,0,0,0,0,0,1,1,0,0,1,1
 121.80,  24.75,0,0,0,0,0,0,1,1,0,0,1,1
 121.85,  24.75,-99.9,-99.9,-99.9,-99.9,-99.9,-99.9,-99.9,-99.9,-99.9,-99.9,-99.9,-99.9
 121.60,  24.80,0,0,0,0,0,0,2,2,1,2,0,0
 121.65,  24.80,0,0,0,0,0,0,2,2,0,1,0,1
 121.70,  24.80,0,0,0,0,0,0,2,2,0,1,1,1
 121.75,  24.80,0,0,0,0,0,0,1,1,0,0,1,1
 121.80,  24.80,0,0,0,0,0,0,1,1,1,0,1,1
 121.70,  24.85,0,0,0,0,0,0,2,2,1,1,0,1
 121.75,  24.85,0,0,0,0,0,0,2,1,1,1,1,1
 121.80,  24.85,0,0,0,0,0,0,1,1,1,0,0,1
 121.85,  24.85,-99.9,-99.9,-99.9,-99.9,-99.9,-99.9,-99.9,-99.9,-99.9,-99.9,-99.9,-99.9
 121.80,  24.90,0,0,0,0,0,0,1,2,2,1,0,1
 121.85,  24.90,0,0,0,0,0,0,1,1,1,0,0,1
 121.90,  24.90,-99.9,-99.9,-99.9,-99.9,-99.9,-99.9,-99.9,-99.9,-99.9,-99.9,-99.9,-99.9
 121.85,  24.95,1,0,0,0,0,0,1,2,2,1,1,1
 121.90,  24.95,1,0,0,0,0,0,1,2,1,0,0,1
 121.95,  24.95,-99.9,-99.9,-99.9,-99.9,-99.9,-99.9,-99.9,-99.9,-99.9,-99.9,-99.9,-99.9
 121.90,  25.00,1,0,0,0,0,0,1,2,1,0,0,1
 121.95,  25.00,1,1,0,0,0,0,1,2,0,0,0,0
